ID,_id,department,lastModified,name,program,record_time,score,start_time,step_correctness,step_video_file,studentID,subject,total
1234567,655ed4970997ef63c2520a18,,2023-11-23T04:29:59.709Z,Chan Tai Man,,,"[{""rating"":""perfect""}]",,,,,Computing Science,
,655efb9d3ab360711d989f1a,,,Chan Tai Man,,,,,,,,Computing Science,
,655efbba1811cead6b22e61e,,,Chan Tai Man,,,,,,,,Computing Science,
,655efbda5ff9e8cdd61445ad,,,Chan Tai Man,,,,,,,,Computing Science,
,655efc1cda7fbc1c08bd02e7,,,Chan Tai Man,,,,,,,,Computing Science,
123,655effb1dead7c4d955c156f,,,Chan Tai Man,,,,,,,,123456,
123,655effe099a8c24db94cb87f,,,Chan Tai Man,,,,,,,,123,
123,655f06b4b03664e9f67db9a8,,,Chan Tai Man,,,,,,,,Computing Science,
,65601bf912be52c4eff17d5e,,,,,,,1700797429116,,,12345678A,,
,65604d60c2736e1dfb69608c,,2023-11-24T07:20:15.649Z,,,,,1700810079834,"[{""step-0"":null},{""step-1"":null},{""step-2"":null},{""step-3"":null},{""step-4"":null},{""step-5"":null},{""step-6"":null},{""step-7"":null},{""step-9"":null},{""step-10"":true},{""step-11"":true}]",,12345678A,,
,66711bc8fd02f933be6ac9a8,SO,,,BA(Hons)AASSM,,,1718688711118,,,22222222h,JS3337,
,66711c54fd02f933be6ac9a9,SO,2024-06-18T05:35:42.903Z,,BA(Hons)SPSE,"[{""timestamp"":1718688873950,""datestring"":""18/6/2024 下午1:34:33""},{""timestamp"":1718688884907,""datestring"":""18/6/2024 下午1:34:44""},{""timestamp"":1718688896700,""datestring"":""18/6/2024 下午1:34:56""},{""timestamp"":1718688907995,""datestring"":""18/6/2024 下午1:35:07""},{""timestamp"":1718688918712,""datestring"":""18/6/2024 下午1:35:18""},{""timestamp"":1718688929853,""datestring"":""18/6/2024 下午1:35:29""},{""timestamp"":1718688942821,""datestring"":""18/6/2024 下午1:35:42""}]",,1718688852120,"[{""Step"":""FAIL""},{""Step"":""FAIL""},{""Step"":""FAIL""},{""Step"":""FAIL""},{""Step"":""FAIL""},{""Step"":""PERFECT""},{""Step"":""FAIL""}]","[""20240618-847048-22222222g-step1"",""20240618-597272-22222222g-step2"",""20240618-885040-22222222g-step3"",""20240618-220665-22222222g-step4"",""20240618-535212-22222222g-step5"",""20240618-760553-22222222g-step6"",""20240618-205431-22222222g-step7""]",22222222g,JS3648,[1]
,6672a95dfd02f933be6ac9aa,HTI,2024-06-19T09:49:30.546Z,,BSc(Hons)BCT,"[{""timestamp"":1718790533932,""datestring"":""19/6/2024 下午5:48:53""},{""timestamp"":1718790546188,""datestring"":""19/6/2024 下午5:49:06""},{""timestamp"":1718790558242,""datestring"":""19/6/2024 下午5:49:18""},{""timestamp"":1718790570464,""datestring"":""19/6/2024 下午5:49:30""}]",,1718790493729,"[{""Step"":""PERFECT""},{""Step"":""FAIL""},{""Step"":""FAIL""},{""Step"":""FAIL""}]","[""20240619-953542-22222222g-step1"",""20240619-927453-22222222g-step2"",""20240619-206213-22222222g-step3"",""20240619-168603-22222222g-step4""]",22222222g,JS3337,[]
,6672aa01fd02f933be6ac9af,SO,2024-06-19T09:52:34.618Z,,BA(Hons)ASS (SW/SPSE),"[{""timestamp"":1718790679739,""datestring"":""19/6/2024 下午5:51:19""},{""timestamp"":1718790692401,""datestring"":""19/6/2024 下午5:51:32""},{""timestamp"":1718790704487,""datestring"":""19/6/2024 下午5:51:44""},{""timestamp"":1718790716853,""datestring"":""19/6/2024 下午5:51:56""},{""timestamp"":1718790729380,""datestring"":""19/6/2024 下午5:52:09""},{""timestamp"":1718790741983,""datestring"":""19/6/2024 下午5:52:21""},{""timestamp"":1718790754536,""datestring"":""19/6/2024 下午5:52:34""}]",,1718790657738,"[{""Step"":""PERFECT""},{""Step"":""GOOD""},{""Step"":""PERFECT""},{""Step"":""FAIL""},{""Step"":""FAIL""},{""Step"":""FAIL""},{""Step"":""FAIL""}]","[""20240619-548190-22222222g-step1"",""20240619-340934-22222222g-step2"",""20240619-169278-22222222g-step3"",""20240619-206722-22222222g-step4"",""20240619-845815-22222222g-step5"",""20240619-939646-22222222g-step6"",""20240619-533927-22222222g-step7""]",22222222g,52355-SY,[2.5]
,6672abd3fd02f933be6ac9b0,HTI,,,BA(Hons)ASS (SW/SPSE),,,1718791123622,,,22222222g,52355-SY,
,6672abfefd02f933be6ac9b1,SO,,,BA(Hons)ASS (SW/SPSE),,,1718791166899,,,33333333g,JS3337,
,6672ac24fd02f933be6ac9b2,SO,2024-06-19T10:01:46.185Z,,BA(Hons)ASS (SW/SPSE),"[{""timestamp"":1718791233015,""datestring"":""19/6/2024 下午6:00:33""},{""timestamp"":1718791244797,""datestring"":""19/6/2024 下午6:00:44""},{""timestamp"":1718791256633,""datestring"":""19/6/2024 下午6:00:56""},{""timestamp"":1718791269318,""datestring"":""19/6/2024 下午6:01:09""},{""timestamp"":1718791281587,""datestring"":""19/6/2024 下午6:01:21""},{""timestamp"":1718791293957,""datestring"":""19/6/2024 下午6:01:33""},{""timestamp"":1718791306104,""datestring"":""19/6/2024 下午6:01:46""}]",,1718791204481,"[{""Step"":""PERFECT""},{""Step"":""FAIL""},{""Step"":""PERFECT""},{""Step"":""PERFECT""},{""Step"":""PERFECT""},{""Step"":""PERFECT""},{""Step"":""FAIL""}]","[""20240619-143621-44444444g-step1"",""20240619-686179-44444444g-step2"",""20240619-930524-44444444g-step3"",""20240619-836386-44444444g-step4"",""20240619-166601-44444444g-step5"",""20240619-260659-44444444g-step6"",""20240619-754109-44444444g-step7""]",44444444g,ABCT1103,[5]
,6672ac9afd02f933be6ac9b3,HTI,2024-06-19T10:02:52.123Z,,BA(Hons)ASS (SW/SPSE),"[{""timestamp"":1718791347549,""datestring"":""19/6/2024 下午6:02:27""},{""timestamp"":1718791359806,""datestring"":""19/6/2024 下午6:02:39""},{""timestamp"":1718791372034,""datestring"":""19/6/2024 下午6:02:52""}]",,1718791322785,"[{""Step"":""PERFECT""},{""Step"":""FAIL""},{""Step"":""PERFECT""}]","[""20240619-439786-55555555g-step1"",""20240619-680417-55555555g-step2"",""20240619-689120-55555555g-step3""]",55555555g,JS3337,[]
,6672acdbfd02f933be6ac9b5,HTI,,,BA(Hons)SW,,,1718791387058,,,44444444g,JS3337,
,6672b460fd02f933be6ac9b8,SN,2024-06-19T10:35:51.093Z,,BA(Hons)AASSM,"[{""timestamp"":1718793339789,""datestring"":""19/6/2024 下午6:35:39""},{""timestamp"":1718793351012,""datestring"":""19/6/2024 下午6:35:51""}]",,1718793312696,"[{""Step"":""FAIL""},{""Step"":""FAIL""}]","[""20240619-119650-22222222h-step1"",""20240619-168125-22222222h-step2""]",22222222h,JS3337,[]
,6672b900fd02f933be6ac9bf,SN,2024-06-19T10:55:19.437Z,,BA(Hons)AASSM,"[{""timestamp"":1718794519355,""datestring"":""19/6/2024 下午6:55:19""}]",,1718794496579,"[{""Step"":""FAIL""}]","[""20240619-775638-22222222h-step1""]",22222222h,JS3648,[]
,6672b948fd02f933be6ac9c1,SO,2024-06-19T10:56:29.464Z,,BA(Hons)SW,"[{""timestamp"":1718794589382,""datestring"":""19/6/2024 下午6:56:29""}]",,1718794568935,"[{""Step"":""FAIL""}]","[""20240619-775978-22222222g-step1""]",22222222g,JS3337,[]
,6672b9cdfd02f933be6ac9c2,SO,2024-06-19T10:58:43.606Z,,BA(Hons)SW,"[{""timestamp"":1718794723525,""datestring"":""19/6/2024 下午6:58:43""}]",,1718794701953,"[{""Step"":""FAIL""}]","[""20240619-278371-22222222h-step1""]",22222222h,JS3648,[]
,6672c27dfd02f933be6ac9d8,SN,2024-06-19T11:35:55.814Z,,BA(Hons)AASSM,"[{""timestamp"":1718796945022,""datestring"":""19/6/2024 下午7:35:45""},{""timestamp"":1718796955733,""datestring"":""19/6/2024 下午7:35:55""}]",,1718796925873,"[{""Step"":""FAIL""},{""Step"":""FAIL""}]","[""20240619-335017-22222222h-step1"",""20240619-453413-22222222h-step2""]",22222222h,JS3648,[]
,6672d6b9fd02f933be6ac9db,HTI,2024-06-19T13:02:42.312Z,,BA(Hons)ASS (SW/SPSE),"[{""timestamp"":1718802126849,""datestring"":""19/6/2024 下午9:02:06""},{""timestamp"":1718802138802,""datestring"":""19/6/2024 下午9:02:18""},{""timestamp"":1718802150698,""datestring"":""19/6/2024 下午9:02:30""},{""timestamp"":1718802162231,""datestring"":""19/6/2024 下午9:02:42""}]",,1718802105127,"[{""Step"":""FAIL""},{""Step"":""FAIL""},{""Step"":""PERFECT""},{""Step"":""PERFECT""}]","[""20240619-631572-23452345g-step1"",""20240619-557824-23452345g-step2"",""20240619-298882-23452345g-step3"",""20240619-891772-23452345g-step4""]",23452345g,JS3648,[]
,6672d70cfd02f933be6ac9dd,HTI,2024-06-19T13:04:30.010Z,,BA(Hons)SW,"[{""timestamp"":1718802207848,""datestring"":""19/6/2024 下午9:03:27""},{""timestamp"":1718802219573,""datestring"":""19/6/2024 下午9:03:39""},{""timestamp"":1718802231438,""datestring"":""19/6/2024 下午9:03:51""},{""timestamp"":1718802242965,""datestring"":""19/6/2024 下午9:04:02""},{""timestamp"":1718802257485,""datestring"":""19/6/2024 下午9:04:17""},{""timestamp"":1718802269926,""datestring"":""19/6/2024 下午9:04:29""}]",,1718802188426,"[{""Step"":""PERFECT""},{""Step"":""FAIL""},{""Step"":""PERFECT""},{""Step"":""FAIL""},{""Step"":""PERFECT""},{""Step"":""PERFECT""}]","[""20240619-333686-23452345g-step1"",""20240619-964795-23452345g-step2"",""20240619-401135-23452345g-step3"",""20240619-793004-23452345g-step4"",""20240619-107303-23452345g-step5"",""20240619-507889-23452345g-step6""]",23452345g,JS3648,[]
,6672d796fd02f933be6ac9df,HTI,2024-06-19T13:07:04.649Z,,BA(Hons)SW,"[{""timestamp"":1718802353982,""datestring"":""19/6/2024 下午9:05:53""},{""timestamp"":1718802365947,""datestring"":""19/6/2024 下午9:06:05""},{""timestamp"":1718802377732,""datestring"":""19/6/2024 下午9:06:17""},{""timestamp"":1718802389506,""datestring"":""19/6/2024 下午9:06:29""},{""timestamp"":1718802401027,""datestring"":""19/6/2024 下午9:06:41""},{""timestamp"":1718802412587,""datestring"":""19/6/2024 下午9:06:52""},{""timestamp"":1718802424567,""datestring"":""19/6/2024 下午9:07:04""}]",,1718802326890,"[{""Step"":""GOOD""},{""Step"":""FAIL""},{""Step"":""PERFECT""},{""Step"":""GOOD""},{""Step"":""PERFECT""},{""Step"":""PERFECT""},{""Step"":""FAIL""}]","[""20240619-631853-12343212g-step1"",""20240619-327315-12343212g-step2"",""20240619-239992-12343212g-step3"",""20240619-270550-12343212g-step4"",""20240619-748621-12343212g-step5"",""20240619-812463-12343212g-step6"",""20240619-923297-12343212g-step7""]",12343212g,JS3648,[4]
,6672dc95fd02f933be6ac9e0,SN,2024-06-19T13:28:50.300Z,,BSc(Hons)ASTC,"[{""timestamp"":1718803643714,""datestring"":""19/6/2024 下午9:27:23""},{""timestamp"":1718803654199,""datestring"":""19/6/2024 下午9:27:34""},{""timestamp"":1718803665495,""datestring"":""19/6/2024 下午9:27:45""},{""timestamp"":1718803675588,""datestring"":""19/6/2024 下午9:27:55""},{""timestamp"":1718803693486,""datestring"":""19/6/2024 下午9:28:13""},{""timestamp"":1718803720493,""datestring"":""19/6/2024 下午9:28:40""},{""timestamp"":1718803730211,""datestring"":""19/6/2024 下午9:28:50""}]",,1718803605498,"[{""Step"":""FAIL""},{""Step"":""FAIL""},{""Step"":""PERFECT""},{""Step"":""FAIL""},{""Step"":""FAIL""},{""Step"":""FAIL""},{""Step"":""FAIL""}]","[""20240619-824798-12345678j-step1"",""20240619-631388-12345678j-step2"",""20240619-558983-12345678j-step3"",""20240619-549541-12345678j-step4"",""20240619-701924-12345678j-step5"",""20240619-175452-12345678j-step6"",""20240619-537270-12345678j-step7""]",12345678j,52355-SY,[1]
,6672dfc5fd02f933be6ac9e1,HTI,,,BA(Hons)SW,,,1718804421433,,,22222222g,JS3337,
,6672e008fd02f933be6ac9e2,HTI,2024-06-19T13:44:31.892Z,,BA(Hons)SW,"[{""timestamp"":1718804529055,""datestring"":""19/6/2024 下午9:42:09""},{""timestamp"":1718804560413,""datestring"":""19/6/2024 下午9:42:40""},{""timestamp"":1718804578678,""datestring"":""19/6/2024 下午9:42:58""},{""timestamp"":1718804596653,""datestring"":""19/6/2024 下午9:43:16""},{""timestamp"":1718804615018,""datestring"":""19/6/2024 下午9:43:35""},{""timestamp"":1718804639126,""datestring"":""19/6/2024 下午9:43:59""},{""timestamp"":1718804671810,""datestring"":""19/6/2024 下午9:44:31""}]",,1718804488245,"[{""Step"":""FAIL""},{""Step"":""FAIL""},{""Step"":""FAIL""},{""Step"":""FAIL""},{""Step"":""GOOD""},{""Step"":""FAIL""},{""Step"":""FAIL""}]","[""20240619-515843-33333333g-step1"",""20240619-457304-33333333g-step2"",""20240619-301954-33333333g-step3"",""20240619-921451-33333333g-step4"",""20240619-204189-33333333g-step5"",""20240619-766664-33333333g-step6"",""20240619-205602-33333333g-step7""]",33333333g,JS3337,[0.5]
,6672e0dbfd02f933be6ac9e3,ABCT,2024-06-19T13:47:45.736Z,,BA(Hons)SW,"[{""timestamp"":1718804740152,""datestring"":""19/6/2024 下午9:45:40""},{""timestamp"":1718804759264,""datestring"":""19/6/2024 下午9:45:59""},{""timestamp"":1718804775616,""datestring"":""19/6/2024 下午9:46:15""},{""timestamp"":1718804798514,""datestring"":""19/6/2024 下午9:46:38""},{""timestamp"":1718804824425,""datestring"":""19/6/2024 下午9:47:04""},{""timestamp"":1718804848237,""datestring"":""19/6/2024 下午9:47:28""},{""timestamp"":1718804865655,""datestring"":""19/6/2024 下午9:47:45""}]",,1718804699833,"[{""Step"":""FAIL""},{""Step"":""FAIL""},{""Step"":""FAIL""},{""Step"":""FAIL""},{""Step"":""FAIL""},{""Step"":""FAIL""},{""Step"":""FAIL""}]","[""20240619-557592-23454321g-step1"",""20240619-992132-23454321g-step2"",""20240619-939805-23454321g-step3"",""20240619-709491-23454321g-step4"",""20240619-390440-23454321g-step5"",""20240619-980939-23454321g-step6"",""20240619-388401-23454321g-step7""]",23454321g,JS3337,[0]
,6672e246fd02f933be6ac9e4,SO,2024-06-19T13:52:48.827Z,,BA(Hons)SW,"[{""timestamp"":1718805099748,""datestring"":""19/6/2024 下午9:51:39""},{""timestamp"":1718805110961,""datestring"":""19/6/2024 下午9:51:50""},{""timestamp"":1718805122549,""datestring"":""19/6/2024 下午9:52:02""},{""timestamp"":1718805133888,""datestring"":""19/6/2024 下午9:52:13""},{""timestamp"":1718805145345,""datestring"":""19/6/2024 下午9:52:25""},{""timestamp"":1718805156926,""datestring"":""19/6/2024 下午9:52:36""},{""timestamp"":1718805168745,""datestring"":""19/6/2024 下午9:52:48""}]",,1718805062743,"[{""Step"":""FAIL""},{""Step"":""FAIL""},{""Step"":""PERFECT""},{""Step"":""FAIL""},{""Step"":""FAIL""},{""Step"":""FAIL""},{""Step"":""FAIL""}]","[""20240619-395552-23432123g-step1"",""20240619-652146-23432123g-step2"",""20240619-689768-23432123g-step3"",""20240619-101910-23432123g-step4"",""20240619-244778-23432123g-step5"",""20240619-190385-23432123g-step6"",""20240619-912419-23432123g-step7""]",23432123g,JS3337,[1]
,6672e364fd02f933be6ac9e5,ABCT,2024-06-19T13:59:36.008Z,,BA(Hons)AASSM,"[{""timestamp"":1718805447813,""datestring"":""19/6/2024 下午9:57:27""},{""timestamp"":1718805467219,""datestring"":""19/6/2024 下午9:57:47""},{""timestamp"":1718805493324,""datestring"":""19/6/2024 下午9:58:13""},{""timestamp"":1718805515650,""datestring"":""19/6/2024 下午9:58:35""},{""timestamp"":1718805537942,""datestring"":""19/6/2024 下午9:58:57""},{""timestamp"":1718805557609,""datestring"":""19/6/2024 下午9:59:17""},{""timestamp"":1718805575927,""datestring"":""19/6/2024 下午9:59:35""}]",,1718805348970,"[{""Step"":""FAIL""},{""Step"":""FAIL""},{""Step"":""FAIL""},{""Step"":""FAIL""},{""Step"":""FAIL""},{""Step"":""FAIL""},{""Step"":""FAIL""}]","[""20240619-576045-23454321g-step1"",""20240619-262529-23454321g-step2"",""20240619-589019-23454321g-step3"",""20240619-501540-23454321g-step4"",""20240619-526205-23454321g-step5"",""20240619-770213-23454321g-step6"",""20240619-124258-23454321g-step7""]",23454321g,ABCT1103,[0]
,66737fe4fd02f933be6ac9e6,SN,2024-06-20T01:03:52.722Z,,BA(Hons)SW,"[{""timestamp"":1718845432638,""datestring"":""20/6/2024 上午9:03:52""}]",,1718845412389,"[{""Step"":""FAIL""}]","[""20240620-497346-22222222g-step1""]",22222222g,JS3648,[]
,66739747fd02f933be6ac9e7,SN,2024-06-20T03:00:25.070Z,,BA(Hons)AASSM,"[{""timestamp"":1718851423283,""datestring"":""20/6/2024 上午10:43:43""},{""timestamp"":1718851433890,""datestring"":""20/6/2024 上午10:43:53""},{""timestamp"":1718851710631,""datestring"":""20/6/2024 上午10:48:30""},{""timestamp"":1718851721482,""datestring"":""20/6/2024 上午10:48:41""},{""timestamp"":1718851844955,""datestring"":""20/6/2024 上午10:50:44""},{""timestamp"":1718851923813,""datestring"":""20/6/2024 上午10:52:03""},{""timestamp"":1718852233004,""datestring"":""20/6/2024 上午10:57:13""},{""timestamp"":1718852424973,""datestring"":""20/6/2024 上午11:00:24""}]",,1718851399574,"[{""Step"":""FAIL""},{""Step"":""FAIL""},{""Step"":""PERFECT""},{""Step"":""FAIL""},{""Step"":""FAIL""},{""Step"":""FAIL""},{""Step"":""FAIL""},{""Step"":""FAIL""}]","[""20240620-631513-22222222h-step1"",""20240620-710133-22222222h-step2"",""20240620-615927-22222222h-step1"",""20240620-233819-22222222h-step2"",""20240620-938810-22222222h-step1"",""20240620-578170-22222222h-step1"",""20240620-863813-22222222h-step1"",""20240620-960042-22222222h-step1""]",22222222h,JS3648,[]
,66739bc5fd02f933be6ac9e8,SN,2024-06-20T03:15:49.977Z,,BA(Hons)AASSM,"[{""timestamp"":1718852569203,""datestring"":""20/6/2024 上午11:02:49""},{""timestamp"":1718853043974,""datestring"":""20/6/2024 上午11:10:43""},{""timestamp"":1718853349888,""datestring"":""20/6/2024 上午11:15:49""}]",,1718852549070,"[{""Step"":""FAIL""},{""Step"":""FAIL""},{""Step"":""FAIL""}]","[""20240620-242921-22222222h-step1"",""20240620-614478-22222222h-step1"",""20240620-527761-22222222h-step1""]",22222222h,JS3648,[]
,667528cefd02f933be6ac9e9,SN,,,BA(Hons)ASS (SW/SPSE),,,1718954190525,,,22222222j,52355-SY,
,66752947fd02f933be6ac9ea,SN,,,BA(Hons)ASS (SW/SPSE),,,1718954311317,,,22222222k,52355-SY,
,66752d27fd02f933be6ac9eb,SN,,,BA(Hons)SPSE,,,1718955303227,,,22222222h,52355-SY,
,667539a5fd02f933be6ac9ec,SN,,,BA(Hons)AASSM,,,1718958501186,,,12345678A,JS3648,
,66753a1bfd02f933be6ac9ed,SN,,,BA(Hons)SW,,,1718958619618,,,22444444f,52355-SY,
,66753a67fd02f933be6ac9ee,SN,,,BA(Hons)AASSM,,,1718958695878,,,12345678A,JS3648,
,667575c9fd02f933be6ac9ef,SN,,,BA(Hons)ASS (SW/SPSE),,,1718973897818,,,22222222h,52355-SY,
,66757656fd02f933be6ac9f0,SN,,,BA(Hons)SPSE,,,1718974038412,,,22222222h,52355-SY,
,6675768cfd02f933be6ac9f1,SO,,,BA(Hons)ASS (SW/SPSE),,,1718974092109,,,22222222h,JS3337,
,66757c69fd02f933be6ac9f2,HTI,2024-06-21T13:15:28.878Z,,BA(Hons)SW,"[{""timestamp"":1718975636358,""datestring"":""21/6/2024 下午9:13:56""},{""timestamp"":1718975651846,""datestring"":""21/6/2024 下午9:14:11""},{""timestamp"":1718975665750,""datestring"":""21/6/2024 下午9:14:25""},{""timestamp"":1718975683262,""datestring"":""21/6/2024 下午9:14:43""},{""timestamp"":1718975700258,""datestring"":""21/6/2024 下午9:15:00""},{""timestamp"":1718975713991,""datestring"":""21/6/2024 下午9:15:13""},{""timestamp"":1718975728797,""datestring"":""21/6/2024 下午9:15:28""}]",,1718975593508,"[{""Step"":""FAIL""},{""Step"":""FAIL""},{""Step"":""PERFECT""},{""Step"":""FAIL""},{""Step"":""PERFECT""},{""Step"":""FAIL""},{""Step"":""PERFECT""}]","[""20240621-410799-45676787g-step1"",""20240621-721991-45676787g-step2"",""20240621-932979-45676787g-step3"",""20240621-142058-45676787g-step4"",""20240621-895914-45676787g-step5"",""20240621-305627-45676787g-step6"",""20240621-186505-45676787g-step7""]",45676787g,52355-SY,[3]
,66757d42fd02f933be6ac9f3,SO,2024-06-21T13:18:50.997Z,,BA(Hons)ASS (SW/SPSE),"[{""timestamp"":1718975840394,""datestring"":""21/6/2024 下午9:17:20""},{""timestamp"":1718975852870,""datestring"":""21/6/2024 下午9:17:32""},{""timestamp"":1718975866585,""datestring"":""21/6/2024 下午9:17:46""},{""timestamp"":1718975882237,""datestring"":""21/6/2024 下午9:18:02""},{""timestamp"":1718975898925,""datestring"":""21/6/2024 下午9:18:18""},{""timestamp"":1718975916019,""datestring"":""21/6/2024 下午9:18:36""},{""timestamp"":1718975930916,""datestring"":""21/6/2024 下午9:18:50""}]",,1718975810475,"[{""Step"":""FAIL""},{""Step"":""FAIL""},{""Step"":""PERFECT""},{""Step"":""FAIL""},{""Step"":""PERFECT""},{""Step"":""FAIL""},{""Step"":""FAIL""}]","[""20240621-764450-55456789g-step1"",""20240621-652310-55456789g-step2"",""20240621-598196-55456789g-step3"",""20240621-920774-55456789g-step4"",""20240621-942040-55456789g-step5"",""20240621-101205-55456789g-step6"",""20240621-911984-55456789g-step7""]",55456789g,52355-SY,[2]
,66757eb8fd02f933be6ac9f4,SO,2024-06-21T13:25:18.707Z,,BA(Hons)ASS (SW/SPSE),"[{""timestamp"":1718976218612,""datestring"":""21/6/2024 下午9:23:38""},{""timestamp"":1718976233298,""datestring"":""21/6/2024 下午9:23:53""},{""timestamp"":1718976252618,""datestring"":""21/6/2024 下午9:24:12""},{""timestamp"":1718976268798,""datestring"":""21/6/2024 下午9:24:28""},{""timestamp"":1718976285095,""datestring"":""21/6/2024 下午9:24:45""},{""timestamp"":1718976301387,""datestring"":""21/6/2024 下午9:25:01""},{""timestamp"":1718976318618,""datestring"":""21/6/2024 下午9:25:18""}]",,1718976184775,"[{""Step"":""FAIL""},{""Step"":""FAIL""},{""Step"":""FAIL""},{""Step"":""FAIL""},{""Step"":""FAIL""},{""Step"":""PERFECT""},{""Step"":""GOOD""}]","[""20240621-349172-23333333g-step1"",""20240621-583537-23333333g-step2"",""20240621-121537-23333333g-step3"",""20240621-438323-23333333g-step4"",""20240621-304819-23333333g-step5"",""20240621-251594-23333333g-step6"",""20240621-923777-23333333g-step7""]",23333333g,52355-SY,[1.5]
,66758181fd02f933be6ac9f5,HTI,2024-06-21T13:37:00.043Z,,BA(Hons)SW,"[{""timestamp"":1718976926986,""datestring"":""21/6/2024 下午9:35:26""},{""timestamp"":1718976942072,""datestring"":""21/6/2024 下午9:35:42""},{""timestamp"":1718976957233,""datestring"":""21/6/2024 下午9:35:57""},{""timestamp"":1718976973318,""datestring"":""21/6/2024 下午9:36:13""},{""timestamp"":1718976989753,""datestring"":""21/6/2024 下午9:36:29""},{""timestamp"":1718977005816,""datestring"":""21/6/2024 下午9:36:45""},{""timestamp"":1718977019954,""datestring"":""21/6/2024 下午9:36:59""}]",,1718976897765,"[{""Step"":""FAIL""},{""Step"":""FAIL""},{""Step"":""PERFECT""},{""Step"":""FAIL""},{""Step"":""FAIL""},{""Step"":""PERFECT""},{""Step"":""PERFECT""}]","[""20240621-684051-44555555g-step1"",""20240621-543005-44555555g-step2"",""20240621-397437-44555555g-step3"",""20240621-547513-44555555g-step4"",""20240621-612022-44555555g-step5"",""20240621-633337-44555555g-step6"",""20240621-325856-44555555g-step7""]",44555555g,JS3337,[3]
,6675976efd02f933be6ac9f6,SN,2024-06-21T15:10:14.141Z,,BA(Hons)ASS (SW/SPSE),"[{""timestamp"":1718982541963,""datestring"":""21/6/2024 下午11:09:01""},{""timestamp"":1718982555444,""datestring"":""21/6/2024 下午11:09:15""},{""timestamp"":1718982567380,""datestring"":""21/6/2024 下午11:09:27""},{""timestamp"":1718982578953,""datestring"":""21/6/2024 下午11:09:38""},{""timestamp"":1718982590489,""datestring"":""21/6/2024 下午11:09:50""},{""timestamp"":1718982602028,""datestring"":""21/6/2024 下午11:10:02""},{""timestamp"":1718982614060,""datestring"":""21/6/2024 下午11:10:14""}]",,1718982510734,"[{""Step"":""PERFECT""},{""Step"":""FAIL""},{""Step"":""FAIL""},{""Step"":""FAIL""},{""Step"":""FAIL""},{""Step"":""FAIL""},{""Step"":""FAIL""}]","[""20240621-869819-22222222h-step1"",""20240621-276105-22222222h-step2"",""20240621-476610-22222222h-step3"",""20240621-671614-22222222h-step4"",""20240621-991775-22222222h-step5"",""20240621-597155-22222222h-step6"",""20240621-854824-22222222h-step7""]",22222222h,52355-SY,[1]
,6676403ffd02f933be6ac9f7,SN,2024-06-22T03:09:30.738Z,,BA(Hons)AASSM,"[{""timestamp"":1719025770626,""datestring"":""22/6/2024 上午11:09:30""}]",,1719025727507,"[{""Step"":""FAIL""}]","[""20240622-695850-22222222h-step1""]",22222222h,52355-SY,[]
,667642bcfd02f933be6ac9f8,SN,2024-06-22T03:19:44.236Z,,BA(Hons)AASSM,"[{""timestamp"":1719026384155,""datestring"":""22/6/2024 上午11:19:44""}]",,1719026364177,"[{""Step"":""FAIL""}]","[""20240622-790642-22222222h-step1""]",22222222h,SO4013,[]
,66764962fd02f933be6ac9f9,SN,2024-06-22T03:50:24.750Z,,BA(Hons)AASSM,"[{""timestamp"":1719028131184,""datestring"":""22/6/2024 上午11:48:51""},{""timestamp"":1719028166909,""datestring"":""22/6/2024 上午11:49:26""},{""timestamp"":1719028178367,""datestring"":""22/6/2024 上午11:49:38""},{""timestamp"":1719028189943,""datestring"":""22/6/2024 上午11:49:49""},{""timestamp"":1719028201497,""datestring"":""22/6/2024 上午11:50:01""},{""timestamp"":1719028213358,""datestring"":""22/6/2024 上午11:50:13""},{""timestamp"":1719028224669,""datestring"":""22/6/2024 上午11:50:24""}]",,1719028066758,"[{""Step"":""PERFECT""},{""Step"":""FAIL""},{""Step"":""FAIL""},{""Step"":""FAIL""},{""Step"":""FAIL""},{""Step"":""FAIL""},{""Step"":""FAIL""}]","[""20240622-929489-22222222h-step1"",""20240622-149233-22222222h-step2"",""20240622-701688-22222222h-step3"",""20240622-218676-22222222h-step4"",""20240622-680805-22222222h-step5"",""20240622-878125-22222222h-step6"",""20240622-215626-22222222h-step7""]",22222222h,JS3648,[1]
,66764fb3fd02f933be6ac9fa,SN,2024-06-22T04:15:01.245Z,,BA(Hons)AASSM,"[{""timestamp"":1719029701163,""datestring"":""22/6/2024 下午12:15:01""}]",,1719029683091,"[{""Step"":""FAIL""}]","[""20240622-452035-22222222g-step1""]",22222222g,ABCT1103,[]
,66765112fd02f933be6ac9fb,SN,2024-06-22T04:20:48.817Z,,BA(Hons)AASSM,"[{""timestamp"":1719030048736,""datestring"":""22/6/2024 下午12:20:48""}]",,1719030034141,"[{""Step"":""FAIL""}]","[""20240622-451366-22222222h-step1""]",22222222h,52355-SY,[]
,66765271fd02f933be6ac9fc,SO,2024-06-22T04:27:59.313Z,,BA(Hons)AASSM,"[{""timestamp"":1719030410734,""datestring"":""22/6/2024 下午12:26:50""},{""timestamp"":1719030422038,""datestring"":""22/6/2024 下午12:27:02""},{""timestamp"":1719030433499,""datestring"":""22/6/2024 下午12:27:13""},{""timestamp"":1719030444648,""datestring"":""22/6/2024 下午12:27:24""},{""timestamp"":1719030456231,""datestring"":""22/6/2024 下午12:27:36""},{""timestamp"":1719030467719,""datestring"":""22/6/2024 下午12:27:47""},{""timestamp"":1719030479232,""datestring"":""22/6/2024 下午12:27:59""}]",,1719030385864,"[{""Step"":""PERFECT""},{""Step"":""FAIL""},{""Step"":""FAIL""},{""Step"":""FAIL""},{""Step"":""FAIL""},{""Step"":""FAIL""},{""Step"":""FAIL""}]","[""20240622-966944-22222222h-step1"",""20240622-804015-22222222h-step2"",""20240622-359036-22222222h-step3"",""20240622-951071-22222222h-step4"",""20240622-283170-22222222h-step5"",""20240622-969799-22222222h-step6"",""20240622-777533-22222222h-step7""]",22222222h,52355-SY,[1]
,667656b9fd02f933be6ac9fd,SN,2024-06-22T04:44:58.128Z,,BA(Hons)AASSM,"[{""timestamp"":1719031498047,""datestring"":""22/6/2024 下午12:44:58""}]",,1719031481664,"[{""Step"":""FAIL""}]","[""20240622-709604-22222222h-step1""]",22222222h,52355-SY,[]
,66765797fd02f933be6ac9fe,SO,2024-06-22T04:48:42.660Z,,BA(Hons)SW,"[{""timestamp"":1719031722579,""datestring"":""22/6/2024 下午12:48:42""}]",,1719031703717,"[{""Step"":""FAIL""}]","[""20240622-468240-22222222h-step1""]",22222222h,ABCT1103,[]
,66765935fd02f933be6ac9ff,SN,2024-06-22T04:56:49.528Z,,BA(Hons)AASSM,"[{""timestamp"":1719032141494,""datestring"":""22/6/2024 下午12:55:41""},{""timestamp"":1719032152870,""datestring"":""22/6/2024 下午12:55:52""},{""timestamp"":1719032164118,""datestring"":""22/6/2024 下午12:56:04""},{""timestamp"":1719032175396,""datestring"":""22/6/2024 下午12:56:15""},{""timestamp"":1719032186882,""datestring"":""22/6/2024 下午12:56:26""},{""timestamp"":1719032198234,""datestring"":""22/6/2024 下午12:56:38""},{""timestamp"":1719032209446,""datestring"":""22/6/2024 下午12:56:49""}]",,1719032117634,"[{""Step"":""FAIL""},{""Step"":""FAIL""},{""Step"":""FAIL""},{""Step"":""FAIL""},{""Step"":""FAIL""},{""Step"":""PERFECT""},{""Step"":""FAIL""}]","[""20240622-984012-22222222h-step1"",""20240622-832834-22222222h-step2"",""20240622-715484-22222222h-step3"",""20240622-760248-22222222h-step4"",""20240622-959202-22222222h-step5"",""20240622-638061-22222222h-step6"",""20240622-320428-22222222h-step7""]",22222222h,52355-SY,[1]
,66765a93fd02f933be6aca00,SO,2024-06-22T05:49:00.421Z,,BA(Hons)AASSM,"[{""timestamp"":1719032482345,""datestring"":""22/6/2024 下午1:01:22""},{""timestamp"":1719035248719,""datestring"":""22/6/2024 下午1:47:28""},{""timestamp"":1719035340340,""datestring"":""22/6/2024 下午1:49:00""}]",,1719032467579,"[{""Step"":""FAIL""},{""Step"":""FAIL""},{""Step"":""FAIL""}]","[""20240622-353259-22222222h-step1"",""20240622-965319-22222222h-step1"",""20240622-630515-22222222h-step1""]",22222222h,ABCT1103,[]
,66765bbbfd02f933be6aca01,SN,2024-06-22T05:07:36.137Z,,BA(Hons)SW,"[{""timestamp"":1719032786745,""datestring"":""22/6/2024 下午1:06:26""},{""timestamp"":1719032799350,""datestring"":""22/6/2024 下午1:06:39""},{""timestamp"":1719032810538,""datestring"":""22/6/2024 下午1:06:50""},{""timestamp"":1719032821790,""datestring"":""22/6/2024 下午1:07:01""},{""timestamp"":1719032832997,""datestring"":""22/6/2024 下午1:07:12""},{""timestamp"":1719032844357,""datestring"":""22/6/2024 下午1:07:24""},{""timestamp"":1719032856055,""datestring"":""22/6/2024 下午1:07:36""}]",,1719032763047,"[{""Step"":""PERFECT""},{""Step"":""FAIL""},{""Step"":""FAIL""},{""Step"":""FAIL""},{""Step"":""FAIL""},{""Step"":""FAIL""},{""Step"":""FAIL""}]","[""20240622-515258-22222222h-step1"",""20240622-582272-22222222h-step2"",""20240622-101793-22222222h-step3"",""20240622-874199-22222222h-step4"",""20240622-845894-22222222h-step5"",""20240622-168770-22222222h-step6"",""20240622-591085-22222222h-step7""]",22222222h,52355-SY,[1]
,66766152fd02f933be6aca02,SO,2024-06-22T05:32:18.945Z,,BA(Hons)AASSM,"[{""timestamp"":1719034223153,""datestring"":""22/6/2024 下午1:30:23""},{""timestamp"":1719034256023,""datestring"":""22/6/2024 下午1:30:56""},{""timestamp"":1719034282849,""datestring"":""22/6/2024 下午1:31:22""},{""timestamp"":1719034295138,""datestring"":""22/6/2024 下午1:31:35""},{""timestamp"":1719034310817,""datestring"":""22/6/2024 下午1:31:50""},{""timestamp"":1719034326171,""datestring"":""22/6/2024 下午1:32:06""},{""timestamp"":1719034338863,""datestring"":""22/6/2024 下午1:32:18""}]",,1719034194211,"[{""Step"":""FAIL""},{""Step"":""FAIL""},{""Step"":""FAIL""},{""Step"":""FAIL""},{""Step"":""FAIL""},{""Step"":""FAIL""},{""Step"":""FAIL""}]","[""20240622-109571-22222222g-step1"",""20240622-596770-22222222g-step2"",""20240622-348533-22222222g-step3"",""20240622-580484-22222222g-step4"",""20240622-420905-22222222g-step5"",""20240622-558198-22222222g-step6"",""20240622-965556-22222222g-step7""]",22222222g,52355-SY,[0]
,667662b2fd02f933be6aca03,SN,2024-06-22T05:36:36.685Z,,BA(Hons)AASSM,"[{""timestamp"":1719034569899,""datestring"":""22/6/2024 下午1:36:09""},{""timestamp"":1719034596604,""datestring"":""22/6/2024 下午1:36:36""}]",,1719034546899,"[{""Step"":""GOOD""},{""Step"":""FAIL""}]","[""20240622-550657-22222222h-step1"",""20240622-723028-22222222h-step2""]",22222222h,ABCT1103,[]
,667663f4fd02f933be6aca04,SO,2024-06-22T05:41:30.679Z,,BA(Hons)SW,"[{""timestamp"":1719034890598,""datestring"":""22/6/2024 下午1:41:30""}]",,1719034868111,"[{""Step"":""PERFECT""}]","[""20240622-957777-22222222h-step1""]",22222222h,52355-SY,[]
,667667c1fd02f933be6aca06,SN,2024-06-22T05:58:14.687Z,,BA(Hons)SW,"[{""timestamp"":1719035861706,""datestring"":""22/6/2024 下午1:57:41""},{""timestamp"":1719035872410,""datestring"":""22/6/2024 下午1:57:52""},{""timestamp"":1719035883300,""datestring"":""22/6/2024 下午1:58:03""},{""timestamp"":1719035894606,""datestring"":""22/6/2024 下午1:58:14""}]",,1719035841990,"[{""Step"":""PERFECT""},{""Step"":""FAIL""},{""Step"":""FAIL""},{""Step"":""FAIL""}]","[""20240622-171853-22222222h-step1"",""20240622-491821-22222222h-step2"",""20240622-736542-22222222h-step3"",""20240622-608746-22222222h-step4""]",22222222h,JS3337,[]
,667668c5fd02f933be6aca07,SO,2024-06-22T06:04:14.241Z,,BA(Hons)AASSM,"[{""timestamp"":1719036186491,""datestring"":""22/6/2024 下午2:03:06""},{""timestamp"":1719036197217,""datestring"":""22/6/2024 下午2:03:17""},{""timestamp"":1719036208095,""datestring"":""22/6/2024 下午2:03:28""},{""timestamp"":1719036219017,""datestring"":""22/6/2024 下午2:03:39""},{""timestamp"":1719036230459,""datestring"":""22/6/2024 下午2:03:50""},{""timestamp"":1719036241391,""datestring"":""22/6/2024 下午2:04:01""},{""timestamp"":1719036254160,""datestring"":""22/6/2024 下午2:04:14""}]",,1719036101699,"[{""Step"":""FAIL""},{""Step"":""FAIL""},{""Step"":""FAIL""},{""Step"":""FAIL""},{""Step"":""FAIL""},{""Step"":""PERFECT""},{""Step"":""FAIL""}]","[""20240622-219760-22222222k-step1"",""20240622-974034-22222222k-step2"",""20240622-384753-22222222k-step3"",""20240622-405030-22222222k-step4"",""20240622-513007-22222222k-step5"",""20240622-666605-22222222k-step6"",""20240622-591541-22222222k-step7""]",22222222k,52355-SY,[1]
,66766aa9fd02f933be6aca08,SO,2024-06-22T06:11:15.136Z,,BA(Hons)SW,"[{""timestamp"":1719036607415,""datestring"":""22/6/2024 下午2:10:07""},{""timestamp"":1719036618932,""datestring"":""22/6/2024 下午2:10:18""},{""timestamp"":1719036630195,""datestring"":""22/6/2024 下午2:10:30""},{""timestamp"":1719036641679,""datestring"":""22/6/2024 下午2:10:41""},{""timestamp"":1719036652877,""datestring"":""22/6/2024 下午2:10:52""},{""timestamp"":1719036664066,""datestring"":""22/6/2024 下午2:11:04""},{""timestamp"":1719036675055,""datestring"":""22/6/2024 下午2:11:15""}]",,1719036585247,"[{""Step"":""PERFECT""},{""Step"":""FAIL""},{""Step"":""FAIL""},{""Step"":""FAIL""},{""Step"":""FAIL""},{""Step"":""FAIL""},{""Step"":""FAIL""}]","[""20240622-776779-22222222h-step1"",""20240622-212829-22222222h-step2"",""20240622-153336-22222222h-step3"",""20240622-725088-22222222h-step4"",""20240622-752058-22222222h-step5"",""20240622-947119-22222222h-step6"",""20240622-152983-22222222h-step7""]",22222222h,52355-SY,[1]
,6676c927fd02f933be6aca09,SN,2024-06-22T12:53:31.501Z,,BA(Hons)SPSE,"[{""timestamp"":1719060811420,""datestring"":""22/6/2024 下午8:53:31""}]",,1719060775501,"[{""Step"":""FAIL""}]","[""20240622-690642-12345678s-step1""]",12345678s,ABCT1103,[]
,667709c6fd02f933be6aca0a,ABCT,2024-06-22T17:31:01.540Z,,BA(Hons)SW,"[{""timestamp"":1719077369836,""datestring"":""23/6/2024 上午1:29:29""},{""timestamp"":1719077383927,""datestring"":""23/6/2024 上午1:29:43""},{""timestamp"":1719077398680,""datestring"":""23/6/2024 上午1:29:58""},{""timestamp"":1719077415502,""datestring"":""23/6/2024 上午1:30:15""},{""timestamp"":1719077433416,""datestring"":""23/6/2024 上午1:30:33""},{""timestamp"":1719077447897,""datestring"":""23/6/2024 上午1:30:47""},{""timestamp"":1719077461458,""datestring"":""23/6/2024 上午1:31:01""}]",,1719077318565,"[{""Step"":""FAIL""},{""Step"":""FAIL""},{""Step"":""FAIL""},{""Step"":""FAIL""},{""Step"":""FAIL""},{""Step"":""PERFECT""},{""Step"":""PERFECT""}]","[""20240623-514913-45554555g-step1"",""20240623-701078-45554555g-step2"",""20240623-190788-45554555g-step3"",""20240623-688613-45554555g-step4"",""20240623-629718-45554555g-step5"",""20240623-382412-45554555g-step6"",""20240623-141856-45554555g-step7""]",45554555g,ABCT1103,[2]
,66770a8efd02f933be6aca0b,HTI,,,BA(Hons)SW,,,1719077518111,,,45554555g,ABCT1103,
,6678e59bfd02f933be6aca0c,SO,,,BA(Hons)SW,,,1719199131200,,,22222222j,52355-SY,
,6678e848fd02f933be6aca0d,SN,,,BA(Hons)AASSM,,,1719199816610,,,22222222j,ABCT1103,
,6678e99bfd02f933be6aca0e,SN,,,BA(Hons)AASSM,,,1719200155636,,,22222222g,52355-SY,
,6678ead1fd02f933be6aca0f,SO,,,BA(Hons)ASS (SW/SPSE),,,1719200465734,,,22222222h,JS3337,
,6678eb0ffd02f933be6aca10,SN,,,BA(Hons)ASS (SW/SPSE),,,1719200527397,,,22222222h,JS3337,
,6678eb8efd02f933be6aca11,SO,,,BA(Hons)AASSM,,,1719200654445,,,22222222g,JS3337,
,6678ef10fd02f933be6aca12,SO,2024-06-24T04:01:09.126Z,,BSc(Hons)ASTC,"[{""timestamp"":1719201606376,""datestring"":""24/6/2024 下午12:00:06""},{""timestamp"":1719201616564,""datestring"":""24/6/2024 下午12:00:16""},{""timestamp"":1719201626866,""datestring"":""24/6/2024 下午12:00:26""},{""timestamp"":1719201637391,""datestring"":""24/6/2024 下午12:00:37""},{""timestamp"":1719201647778,""datestring"":""24/6/2024 下午12:00:47""},{""timestamp"":1719201658755,""datestring"":""24/6/2024 下午12:00:58""},{""timestamp"":1719201669045,""datestring"":""24/6/2024 下午12:01:09""}]",,1719201552108,"[{""Step"":""PERFECT""},{""Step"":""FAIL""},{""Step"":""PERFECT""},{""Step"":""FAIL""},{""Step"":""FAIL""},{""Step"":""PERFECT""},{""Step"":""PERFECT""}]","[""20240624-548669-12345678s-step1"",""20240624-883899-12345678s-step2"",""20240624-911405-12345678s-step3"",""20240624-524359-12345678s-step4"",""20240624-704484-12345678s-step5"",""20240624-831682-12345678s-step6"",""20240624-937641-12345678s-step7""]",12345678s,SO4013,[4]
,6678ef1bfd02f933be6aca13,HTI,,,BA(Hons)SW,,,1719201563506,,,22222222h,52355-SY,
,667917d2fd02f933be6aca14,HTI,2024-06-24T06:57:11.338Z,,BA(Hons)SW,"[{""timestamp"":1719212058356,""datestring"":""24/6/2024 下午2:54:18""},{""timestamp"":1719212088179,""datestring"":""24/6/2024 下午2:54:48""},{""timestamp"":1719212118002,""datestring"":""24/6/2024 下午2:55:18""},{""timestamp"":1719212142921,""datestring"":""24/6/2024 下午2:55:42""},{""timestamp"":1719212170790,""datestring"":""24/6/2024 下午2:56:10""},{""timestamp"":1719212200667,""datestring"":""24/6/2024 下午2:56:40""},{""timestamp"":1719212231257,""datestring"":""24/6/2024 下午2:57:11""}]",,1719211986918,"[{""Step"":""PERFECT""},{""Step"":""FAIL""},{""Step"":""FAIL""},{""Step"":""FAIL""},{""Step"":""PERFECT""},{""Step"":""FAIL""},{""Step"":""FAIL""}]","[""20240624-254143-34443444g-step1"",""20240624-462956-34443444g-step2"",""20240624-237098-34443444g-step3"",""20240624-947463-34443444g-step4"",""20240624-278583-34443444g-step5"",""20240624-906577-34443444g-step6"",""20240624-124434-34443444g-step7""]",34443444g,ABCT1103,[2]
,667918e7fd02f933be6aca15,SO,2024-06-24T07:01:25.870Z,,BSc(Hons)ASTC,"[{""timestamp"":1719212321809,""datestring"":""24/6/2024 下午2:58:41""},{""timestamp"":1719212349430,""datestring"":""24/6/2024 下午2:59:09""},{""timestamp"":1719212373145,""datestring"":""24/6/2024 下午2:59:33""},{""timestamp"":1719212400657,""datestring"":""24/6/2024 下午3:00:00""},{""timestamp"":1719212430283,""datestring"":""24/6/2024 下午3:00:30""},{""timestamp"":1719212454986,""datestring"":""24/6/2024 下午3:00:54""},{""timestamp"":1719212485789,""datestring"":""24/6/2024 下午3:01:25""}]",,1719212263829,"[{""Step"":""FAIL""},{""Step"":""FAIL""},{""Step"":""FAIL""},{""Step"":""FAIL""},{""Step"":""FAIL""},{""Step"":""PERFECT""},{""Step"":""FAIL""}]","[""20240624-359412-45553555g-step1"",""20240624-659458-45553555g-step2"",""20240624-239985-45553555g-step3"",""20240624-354687-45553555g-step4"",""20240624-302237-45553555g-step5"",""20240624-444130-45553555g-step6"",""20240624-190736-45553555g-step7""]",45553555g,SO4013,[1]
,667919fdfd02f933be6aca16,HTI,2024-06-24T07:08:03.815Z,,BA(Hons)SW,"[{""timestamp"":1719212651412,""datestring"":""24/6/2024 下午3:04:11""},{""timestamp"":1719212689561,""datestring"":""24/6/2024 下午3:04:49""},{""timestamp"":1719212731140,""datestring"":""24/6/2024 下午3:05:31""},{""timestamp"":1719212761032,""datestring"":""24/6/2024 下午3:06:01""},{""timestamp"":1719212805773,""datestring"":""24/6/2024 下午3:06:45""},{""timestamp"":1719212853067,""datestring"":""24/6/2024 下午3:07:33""},{""timestamp"":1719212883729,""datestring"":""24/6/2024 下午3:08:03""}]",,1719212541779,"[{""Step"":""PERFECT""},{""Step"":""FAIL""},{""Step"":""PERFECT""},{""Step"":""FAIL""},{""Step"":""PERFECT""},{""Step"":""PERFECT""},{""Step"":""FAIL""}]","[""20240624-926317-45556777g-step1"",""20240624-983337-45556777g-step2"",""20240624-691899-45556777g-step3"",""20240624-295139-45556777g-step4"",""20240624-970355-45556777g-step5"",""20240624-723558-45556777g-step6"",""20240624-472570-45556777g-step7""]",45556777g,ABCT1103,[4]
,66791e84fd02f933be6aca17,HTI,2024-06-24T07:23:33.155Z,,BA(Hons)ASS (SW/SPSE),"[{""timestamp"":1719213731175,""datestring"":""24/6/2024 下午3:22:11""},{""timestamp"":1719213750458,""datestring"":""24/6/2024 下午3:22:30""},{""timestamp"":1719213762828,""datestring"":""24/6/2024 下午3:22:42""},{""timestamp"":1719213774364,""datestring"":""24/6/2024 下午3:22:54""},{""timestamp"":1719213785981,""datestring"":""24/6/2024 下午3:23:05""},{""timestamp"":1719213801008,""datestring"":""24/6/2024 下午3:23:21""},{""timestamp"":1719213813074,""datestring"":""24/6/2024 下午3:23:33""}]",,1719213700930,"[{""Step"":""FAIL""},{""Step"":""PERFECT""},{""Step"":""FAIL""},{""Step"":""FAIL""},{""Step"":""PERFECT""},{""Step"":""PERFECT""},{""Step"":""FAIL""}]","[""20240624-850674-56665666g-step1"",""20240624-423794-56665666g-step2"",""20240624-199971-56665666g-step3"",""20240624-734414-56665666g-step4"",""20240624-144908-56665666g-step5"",""20240624-295272-56665666g-step6"",""20240624-672644-56665666g-step7""]",56665666g,SO4013,[3]
,667920d4fd02f933be6aca18,HTI,2024-06-24T07:34:38.281Z,,BA(Hons)SPSE,"[{""timestamp"":1719214315369,""datestring"":""24/6/2024 下午3:31:55""},{""timestamp"":1719214338364,""datestring"":""24/6/2024 下午3:32:18""},{""timestamp"":1719214387202,""datestring"":""24/6/2024 下午3:33:07""},{""timestamp"":1719214401414,""datestring"":""24/6/2024 下午3:33:21""},{""timestamp"":1719214422239,""datestring"":""24/6/2024 下午3:33:42""},{""timestamp"":1719214460171,""datestring"":""24/6/2024 下午3:34:20""},{""timestamp"":1719214478200,""datestring"":""24/6/2024 下午3:34:38""}]",,1719214292191,"[{""Step"":""FAIL""},{""Step"":""FAIL""},{""Step"":""FAIL""},{""Step"":""FAIL""},{""Step"":""GOOD""},{""Step"":""PERFECT""},{""Step"":""FAIL""}]","[""20240624-334945-45554555g-step1"",""20240624-657316-45554555g-step2"",""20240624-652660-45554555g-step3"",""20240624-315270-45554555g-step4"",""20240624-741501-45554555g-step5"",""20240624-435130-45554555g-step6"",""20240624-660917-45554555g-step7""]",45554555g,ABCT1103,[1.5]
,667c080ffd02f933be6aca19,HTI,2024-06-26T12:28:06.951Z,,BA(Hons)SW,"[{""timestamp"":1719404758901,""datestring"":""26/6/2024 下午8:25:58""},{""timestamp"":1719404779065,""datestring"":""26/6/2024 下午8:26:19""},{""timestamp"":1719404798001,""datestring"":""26/6/2024 下午8:26:38""},{""timestamp"":1719404822443,""datestring"":""26/6/2024 下午8:27:02""},{""timestamp"":1719404846971,""datestring"":""26/6/2024 下午8:27:26""},{""timestamp"":1719404865777,""datestring"":""26/6/2024 下午8:27:45""},{""timestamp"":1719404886857,""datestring"":""26/6/2024 下午8:28:06""}]",,1719404559173,"[{""Step"":""PERFECT""},{""Step"":""FAIL""},{""Step"":""PERFECT""},{""Step"":""FAIL""},{""Step"":""FAIL""},{""Step"":""PERFECT""},{""Step"":""GOOD""}]","[""20240626-321104-23332231d-step1"",""20240626-830659-23332231d-step2"",""20240626-470217-23332231d-step3"",""20240626-463593-23332231d-step4"",""20240626-948888-23332231d-step5"",""20240626-649603-23332231d-step6"",""20240626-801689-23332231d-step7""]",23332231d,ABCT1103,[3.5]
,667c0984fd02f933be6aca1a,SO,2024-06-26T12:31:58.500Z,,BA(Hons)SW,"[{""timestamp"":1719404976087,""datestring"":""26/6/2024 下午8:29:36""},{""timestamp"":1719404996072,""datestring"":""26/6/2024 下午8:29:56""},{""timestamp"":1719405016981,""datestring"":""26/6/2024 下午8:30:16""},{""timestamp"":1719405040728,""datestring"":""26/6/2024 下午8:30:40""},{""timestamp"":1719405070465,""datestring"":""26/6/2024 下午8:31:10""},{""timestamp"":1719405090394,""datestring"":""26/6/2024 下午8:31:30""},{""timestamp"":1719405118419,""datestring"":""26/6/2024 下午8:31:58""}]",,1719404932526,"[{""Step"":""FAIL""},{""Step"":""FAIL""},{""Step"":""FAIL""},{""Step"":""FAIL""},{""Step"":""PERFECT""},{""Step"":""PERFECT""},{""Step"":""FAIL""}]","[""20240626-936765-45556555d-step1"",""20240626-297823-45556555d-step2"",""20240626-896656-45556555d-step3"",""20240626-299305-45556555d-step4"",""20240626-606566-45556555d-step5"",""20240626-947974-45556555d-step6"",""20240626-312219-45556555d-step7""]",45556555d,ABCT1103,[2]
,667c0c07fd02f933be6aca1b,HTI,2024-06-26T12:41:20.035Z,,BA(Hons)ASS (SW/SPSE),"[{""timestamp"":1719405605322,""datestring"":""26/6/2024 下午8:40:05""},{""timestamp"":1719405616086,""datestring"":""26/6/2024 下午8:40:16""},{""timestamp"":1719405628332,""datestring"":""26/6/2024 下午8:40:28""},{""timestamp"":1719405640822,""datestring"":""26/6/2024 下午8:40:40""},{""timestamp"":1719405654446,""datestring"":""26/6/2024 下午8:40:54""},{""timestamp"":1719405667043,""datestring"":""26/6/2024 下午8:41:07""},{""timestamp"":1719405679953,""datestring"":""26/6/2024 下午8:41:19""}]",,1719405575841,"[{""Step"":""PERFECT""},{""Step"":""FAIL""},{""Step"":""PERFECT""},{""Step"":""FAIL""},{""Step"":""PERFECT""},{""Step"":""PERFECT""},{""Step"":""PERFECT""}]","[""20240626-988882-34445444d-step1"",""20240626-442083-34445444d-step2"",""20240626-364345-34445444d-step3"",""20240626-738061-34445444d-step4"",""20240626-893143-34445444d-step5"",""20240626-716902-34445444d-step6"",""20240626-236556-34445444d-step7""]",34445444d,52355-SY,[5]
,667c0cb3fd02f933be6aca1c,HTI,2024-06-26T12:44:01.127Z,,BSc(Hons) MLS,"[{""timestamp"":1719405772466,""datestring"":""26/6/2024 下午8:42:52""},{""timestamp"":1719405783568,""datestring"":""26/6/2024 下午8:43:03""},{""timestamp"":1719405794641,""datestring"":""26/6/2024 下午8:43:14""},{""timestamp"":1719405806606,""datestring"":""26/6/2024 下午8:43:26""},{""timestamp"":1719405817923,""datestring"":""26/6/2024 下午8:43:37""},{""timestamp"":1719405829250,""datestring"":""26/6/2024 下午8:43:49""},{""timestamp"":1719405841044,""datestring"":""26/6/2024 下午8:44:01""}]",,1719405747096,"[{""Step"":""PERFECT""},{""Step"":""PERFECT""},{""Step"":""FAIL""},{""Step"":""FAIL""},{""Step"":""FAIL""},{""Step"":""FAIL""},{""Step"":""FAIL""}]","[""20240626-805590-45556555g-step1"",""20240626-615071-45556555g-step2"",""20240626-561371-45556555g-step3"",""20240626-545415-45556555g-step4"",""20240626-827119-45556555g-step5"",""20240626-730966-45556555g-step6"",""20240626-118690-45556555g-step7""]",45556555g,ABCT1103,[2]
,667c0d31fd02f933be6aca1d,SO,2024-06-26T12:46:01.323Z,,BA(Hons)ASS (SW/SPSE),"[{""timestamp"":1719405893689,""datestring"":""26/6/2024 下午8:44:53""},{""timestamp"":1719405904714,""datestring"":""26/6/2024 下午8:45:04""},{""timestamp"":1719405915890,""datestring"":""26/6/2024 下午8:45:15""},{""timestamp"":1719405927218,""datestring"":""26/6/2024 下午8:45:27""},{""timestamp"":1719405938607,""datestring"":""26/6/2024 下午8:45:38""},{""timestamp"":1719405950165,""datestring"":""26/6/2024 下午8:45:50""},{""timestamp"":1719405961242,""datestring"":""26/6/2024 下午8:46:01""}]",,1719405873301,"[{""Step"":""PERFECT""},{""Step"":""FAIL""},{""Step"":""FAIL""},{""Step"":""FAIL""},{""Step"":""FAIL""},{""Step"":""PERFECT""},{""Step"":""FAIL""}]","[""20240626-854435-55555555d-step1"",""20240626-972455-55555555d-step2"",""20240626-126538-55555555d-step3"",""20240626-209486-55555555d-step4"",""20240626-293241-55555555d-step5"",""20240626-485733-55555555d-step6"",""20240626-330073-55555555d-step7""]",55555555d,52355-SY,[2]
,667cd837fd02f933be6aca1e,ABCT,2024-06-27T03:12:42.639Z,,BSc(Hons)BCT,"[{""timestamp"":1719457893649,""datestring"":""27/6/2024 上午11:11:33""},{""timestamp"":1719457904819,""datestring"":""27/6/2024 上午11:11:44""},{""timestamp"":1719457916193,""datestring"":""27/6/2024 上午11:11:56""},{""timestamp"":1719457927737,""datestring"":""27/6/2024 上午11:12:07""},{""timestamp"":1719457939419,""datestring"":""27/6/2024 上午11:12:19""},{""timestamp"":1719457950926,""datestring"":""27/6/2024 上午11:12:30""},{""timestamp"":1719457962557,""datestring"":""27/6/2024 上午11:12:42""}]",,1719457847233,"[{""Step"":""PERFECT""},{""Step"":""FAIL""},{""Step"":""FAIL""},{""Step"":""FAIL""},{""Step"":""PERFECT""},{""Step"":""FAIL""},{""Step"":""FAIL""}]","[""20240627-258925-21097579D-step1"",""20240627-865966-21097579D-step2"",""20240627-896162-21097579D-step3"",""20240627-776376-21097579D-step4"",""20240627-466907-21097579D-step5"",""20240627-917265-21097579D-step6"",""20240627-859608-21097579D-step7""]",21097579D,ABCT1103,[2]
,667cdce2fd02f933be6aca1f,ABCT,2024-06-27T03:32:31.942Z,,BSc(Hons)BCT,"[{""timestamp"":1719459082571,""datestring"":""27/6/2024 上午11:31:22""},{""timestamp"":1719459094437,""datestring"":""27/6/2024 上午11:31:34""},{""timestamp"":1719459105828,""datestring"":""27/6/2024 上午11:31:45""},{""timestamp"":1719459116988,""datestring"":""27/6/2024 上午11:31:56""},{""timestamp"":1719459128639,""datestring"":""27/6/2024 上午11:32:08""},{""timestamp"":1719459140131,""datestring"":""27/6/2024 上午11:32:20""},{""timestamp"":1719459151861,""datestring"":""27/6/2024 上午11:32:31""}]",,1719459042310,"[{""Step"":""FAIL""},{""Step"":""FAIL""},{""Step"":""FAIL""},{""Step"":""FAIL""},{""Step"":""PERFECT""},{""Step"":""FAIL""},{""Step"":""FAIL""}]","[""20240627-934416-20096887D-step1"",""20240627-512758-20096887D-step2"",""20240627-827777-20096887D-step3"",""20240627-543975-20096887D-step4"",""20240627-159583-20096887D-step5"",""20240627-196444-20096887D-step6"",""20240627-900350-20096887D-step7""]",20096887D,ABCT1103,[1]
,667cdfdbfd02f933be6aca20,HTI,2024-06-27T03:44:51.705Z,,BA(Hons)SW,"[{""timestamp"":1719459821962,""datestring"":""27/6/2024 上午11:43:41""},{""timestamp"":1719459833293,""datestring"":""27/6/2024 上午11:43:53""},{""timestamp"":1719459844852,""datestring"":""27/6/2024 上午11:44:04""},{""timestamp"":1719459856518,""datestring"":""27/6/2024 上午11:44:16""},{""timestamp"":1719459868345,""datestring"":""27/6/2024 上午11:44:28""},{""timestamp"":1719459879710,""datestring"":""27/6/2024 上午11:44:39""},{""timestamp"":1719459891624,""datestring"":""27/6/2024 上午11:44:51""}]",,1719459803140,"[{""Step"":""FAIL""},{""Step"":""GOOD""},{""Step"":""FAIL""},{""Step"":""FAIL""},{""Step"":""PERFECT""},{""Step"":""PERFECT""},{""Step"":""FAIL""}]","[""20240627-358530-12345432g-step1"",""20240627-639733-12345432g-step2"",""20240627-689170-12345432g-step3"",""20240627-246007-12345432g-step4"",""20240627-670822-12345432g-step5"",""20240627-221967-12345432g-step6"",""20240627-651807-12345432g-step7""]",12345432g,SO4013,[2.5]
,667ce041fd02f933be6aca21,ABCT,2024-06-27T03:46:37.550Z,,BA(Hons)SW,"[{""timestamp"":1719459927732,""datestring"":""27/6/2024 上午11:45:27""},{""timestamp"":1719459939443,""datestring"":""27/6/2024 上午11:45:39""},{""timestamp"":1719459951204,""datestring"":""27/6/2024 上午11:45:51""},{""timestamp"":1719459962772,""datestring"":""27/6/2024 上午11:46:02""},{""timestamp"":1719459974100,""datestring"":""27/6/2024 上午11:46:14""},{""timestamp"":1719459985802,""datestring"":""27/6/2024 上午11:46:25""},{""timestamp"":1719459997468,""datestring"":""27/6/2024 上午11:46:37""}]",,1719459905786,"[{""Step"":""PERFECT""},{""Step"":""PERFECT""},{""Step"":""FAIL""},{""Step"":""FAIL""},{""Step"":""FAIL""},{""Step"":""PERFECT""},{""Step"":""FAIL""}]","[""20240627-415929-12222222g-step1"",""20240627-690295-12222222g-step2"",""20240627-246965-12222222g-step3"",""20240627-320394-12222222g-step4"",""20240627-666415-12222222g-step5"",""20240627-576487-12222222g-step6"",""20240627-126984-12222222g-step7""]",12222222g,SO4013,[3]
,667d1f1ffd02f933be6aca22,ABCT,2024-06-27T08:21:50.754Z,,BSc (Hons) in Vision Science + AIDA,"[{""timestamp"":1719476440553,""datestring"":""27/6/2024 下午4:20:40""},{""timestamp"":1719476452187,""datestring"":""27/6/2024 下午4:20:52""},{""timestamp"":1719476463899,""datestring"":""27/6/2024 下午4:21:03""},{""timestamp"":1719476475734,""datestring"":""27/6/2024 下午4:21:15""},{""timestamp"":1719476487279,""datestring"":""27/6/2024 下午4:21:27""},{""timestamp"":1719476498748,""datestring"":""27/6/2024 下午4:21:38""},{""timestamp"":1719476510673,""datestring"":""27/6/2024 下午4:21:50""}]",,1719475999255,"[{""Step"":""PERFECT""},{""Step"":""FAIL""},{""Step"":""FAIL""},{""Step"":""FAIL""},{""Step"":""FAIL""},{""Step"":""FAIL""},{""Step"":""FAIL""}]","[""20240627-556196-20105788D-step1"",""20240627-420334-20105788D-step2"",""20240627-896634-20105788D-step3"",""20240627-449750-20105788D-step4"",""20240627-333474-20105788D-step5"",""20240627-386751-20105788D-step6"",""20240627-200633-20105788D-step7""]",20105788D,ABCT1103,[1]
,667d220cfd02f933be6aca23,ABCT,2024-06-27T09:00:28.908Z,,BSc(Hons)ASTC,"[{""timestamp"":1719478759868,""datestring"":""27/6/2024 下午4:59:19""},{""timestamp"":1719478771075,""datestring"":""27/6/2024 下午4:59:31""},{""timestamp"":1719478782753,""datestring"":""27/6/2024 下午4:59:42""},{""timestamp"":1719478793934,""datestring"":""27/6/2024 下午4:59:53""},{""timestamp"":1719478805622,""datestring"":""27/6/2024 下午5:00:05""},{""timestamp"":1719478817240,""datestring"":""27/6/2024 下午5:00:17""},{""timestamp"":1719478828826,""datestring"":""27/6/2024 下午5:00:28""}]",,1719476748209,"[{""Step"":""FAIL""},{""Step"":""FAIL""},{""Step"":""FAIL""},{""Step"":""FAIL""},{""Step"":""PERFECT""},{""Step"":""PERFECT""},{""Step"":""FAIL""}]","[""20240627-220612-23099145D-step1"",""20240627-592222-23099145D-step2"",""20240627-939695-23099145D-step3"",""20240627-272722-23099145D-step4"",""20240627-777422-23099145D-step5"",""20240627-588643-23099145D-step6"",""20240627-187593-23099145D-step7""]",23099145D,ABCT1103,[2]
,667e506dfd02f933be6aca24,HTI,2024-06-28T05:57:36.898Z,,BA(Hons)AASSM,"[{""timestamp"":1719554186644,""datestring"":""28/6/2024 下午1:56:26""},{""timestamp"":1719554198073,""datestring"":""28/6/2024 下午1:56:38""},{""timestamp"":1719554210024,""datestring"":""28/6/2024 下午1:56:50""},{""timestamp"":1719554221783,""datestring"":""28/6/2024 下午1:57:01""},{""timestamp"":1719554233281,""datestring"":""28/6/2024 下午1:57:13""},{""timestamp"":1719554245161,""datestring"":""28/6/2024 下午1:57:25""},{""timestamp"":1719554256817,""datestring"":""28/6/2024 下午1:57:36""}]",,1719554157431,"[{""Step"":""FAIL""},{""Step"":""FAIL""},{""Step"":""FAIL""},{""Step"":""FAIL""},{""Step"":""FAIL""},{""Step"":""PERFECT""},{""Step"":""FAIL""}]","[""20240628-634096-45554555g-step1"",""20240628-750684-45554555g-step2"",""20240628-754073-45554555g-step3"",""20240628-424835-45554555g-step4"",""20240628-405606-45554555g-step5"",""20240628-604040-45554555g-step6"",""20240628-201585-45554555g-step7""]",45554555g,ABCT1103,[1]
,667e50e1fd02f933be6aca25,HTI,2024-06-28T06:16:04.355Z,,BA(Hons)AASSM,"[{""timestamp"":1719554295552,""datestring"":""28/6/2024 下午1:58:15""},{""timestamp"":1719554308244,""datestring"":""28/6/2024 下午1:58:28""},{""timestamp"":1719554321124,""datestring"":""28/6/2024 下午1:58:41""},{""timestamp"":1719554334566,""datestring"":""28/6/2024 下午1:58:54""},{""timestamp"":1719555331613,""datestring"":""28/6/2024 下午2:15:31""},{""timestamp"":1719555351466,""datestring"":""28/6/2024 下午2:15:51""},{""timestamp"":1719555364274,""datestring"":""28/6/2024 下午2:16:04""}]",,1719554273973,"[{""Step"":""PERFECT""},{""Step"":""FAIL""},{""Step"":""FAIL""},{""Step"":""FAIL""},{""Step"":""FAIL""},{""Step"":""FAIL""},{""Step"":""FAIL""}]","[""20240628-769672-45554555g-step1"",""20240628-866473-45554555g-step2"",""20240628-952645-45554555g-step3"",""20240628-661142-45554555g-step4"",""20240628-222454-45554555g-step5"",""20240628-482440-45554555g-step6"",""20240628-868233-45554555g-step7""]",45554555g,ABCT1103,[1]
,667e5538fd02f933be6aca26,HTI,2024-06-28T06:18:20.630Z,,BA(Hons)SW,"[{""timestamp"":1719555407803,""datestring"":""28/6/2024 下午2:16:47""},{""timestamp"":1719555420425,""datestring"":""28/6/2024 下午2:17:00""},{""timestamp"":1719555433391,""datestring"":""28/6/2024 下午2:17:13""},{""timestamp"":1719555449361,""datestring"":""28/6/2024 下午2:17:29""},{""timestamp"":1719555478329,""datestring"":""28/6/2024 下午2:17:58""},{""timestamp"":1719555489614,""datestring"":""28/6/2024 下午2:18:09""},{""timestamp"":1719555500549,""datestring"":""28/6/2024 下午2:18:20""}]",,1719555384166,"[{""Step"":""PERFECT""},{""Step"":""PERFECT""},{""Step"":""FAIL""},{""Step"":""FAIL""},{""Step"":""FAIL""},{""Step"":""PERFECT""},{""Step"":""FAIL""}]","[""20240628-149115-45554555g-step1"",""20240628-726100-45554555g-step2"",""20240628-933697-45554555g-step3"",""20240628-853602-45554555g-step4"",""20240628-806934-45554555g-step5"",""20240628-678391-45554555g-step6"",""20240628-236618-45554555g-step7""]",45554555g,ABCT1103,[3]
,667e55d0fd02f933be6aca27,ABCT,2024-06-28T06:20:23.666Z,,BA(Hons)SPSE,"[{""timestamp"":1719555556611,""datestring"":""28/6/2024 下午2:19:16""},{""timestamp"":1719555567566,""datestring"":""28/6/2024 下午2:19:27""},{""timestamp"":1719555578649,""datestring"":""28/6/2024 下午2:19:38""},{""timestamp"":1719555589525,""datestring"":""28/6/2024 下午2:19:49""},{""timestamp"":1719555600797,""datestring"":""28/6/2024 下午2:20:00""},{""timestamp"":1719555612250,""datestring"":""28/6/2024 下午2:20:12""},{""timestamp"":1719555623585,""datestring"":""28/6/2024 下午2:20:23""}]",,1719555536997,"[{""Step"":""FAIL""},{""Step"":""PERFECT""},{""Step"":""FAIL""},{""Step"":""FAIL""},{""Step"":""PERFECT""},{""Step"":""PERFECT""},{""Step"":""FAIL""}]","[""20240628-219549-34443444g-step1"",""20240628-803410-34443444g-step2"",""20240628-372528-34443444g-step3"",""20240628-391238-34443444g-step4"",""20240628-585474-34443444g-step5"",""20240628-102003-34443444g-step6"",""20240628-396859-34443444g-step7""]",34443444g,52355-SY,[3]
,667e5656fd02f933be6aca28,HTI,2024-06-28T06:23:12.622Z,,BA(Hons)SW,"[{""timestamp"":1719555714474,""datestring"":""28/6/2024 下午2:21:54""},{""timestamp"":1719555727683,""datestring"":""28/6/2024 下午2:22:07""},{""timestamp"":1719555741307,""datestring"":""28/6/2024 下午2:22:21""},{""timestamp"":1719555755029,""datestring"":""28/6/2024 下午2:22:35""},{""timestamp"":1719555767432,""datestring"":""28/6/2024 下午2:22:47""},{""timestamp"":1719555780262,""datestring"":""28/6/2024 下午2:23:00""},{""timestamp"":1719555792541,""datestring"":""28/6/2024 下午2:23:12""}]",,1719555670375,"[{""Step"":""FAIL""},{""Step"":""PERFECT""},{""Step"":""FAIL""},{""Step"":""FAIL""},{""Step"":""FAIL""},{""Step"":""PERFECT""},{""Step"":""FAIL""}]","[""20240628-520820-44444444g-step1"",""20240628-789167-44444444g-step2"",""20240628-882508-44444444g-step3"",""20240628-220793-44444444g-step4"",""20240628-764116-44444444g-step5"",""20240628-299991-44444444g-step6"",""20240628-988438-44444444g-step7""]",44444444g,ABCT1103,[2]
,667e57a9fd02f933be6aca29,SO,2024-06-28T06:28:17.978Z,,BA(Hons)ASS (SW/SPSE),"[{""timestamp"":1719556030817,""datestring"":""28/6/2024 下午2:27:10""},{""timestamp"":1719556041868,""datestring"":""28/6/2024 下午2:27:21""},{""timestamp"":1719556053026,""datestring"":""28/6/2024 下午2:27:33""},{""timestamp"":1719556064180,""datestring"":""28/6/2024 下午2:27:44""},{""timestamp"":1719556075395,""datestring"":""28/6/2024 下午2:27:55""},{""timestamp"":1719556086571,""datestring"":""28/6/2024 下午2:28:06""},{""timestamp"":1719556097897,""datestring"":""28/6/2024 下午2:28:17""}]",,1719556009572,"[{""Step"":""FAIL""},{""Step"":""PERFECT""},{""Step"":""FAIL""},{""Step"":""FAIL""},{""Step"":""FAIL""},{""Step"":""PERFECT""},{""Step"":""FAIL""}]","[""20240628-126845-45554555g-step1"",""20240628-171104-45554555g-step2"",""20240628-127173-45554555g-step3"",""20240628-191016-45554555g-step4"",""20240628-920402-45554555g-step5"",""20240628-485018-45554555g-step6"",""20240628-723689-45554555g-step7""]",45554555g,ABCT1103,[2]
,667e5b06fd02f933be6aca2a,SN,2024-06-28T06:42:41.871Z,,BA(Hons)SW,"[{""timestamp"":1719556891013,""datestring"":""28/6/2024 下午2:41:31""},{""timestamp"":1719556902853,""datestring"":""28/6/2024 下午2:41:42""},{""timestamp"":1719556914802,""datestring"":""28/6/2024 下午2:41:54""},{""timestamp"":1719556926583,""datestring"":""28/6/2024 下午2:42:06""},{""timestamp"":1719556938408,""datestring"":""28/6/2024 下午2:42:18""},{""timestamp"":1719556949945,""datestring"":""28/6/2024 下午2:42:29""},{""timestamp"":1719556961790,""datestring"":""28/6/2024 下午2:42:41""}]",,1719556870411,"[{""Step"":""PERFECT""},{""Step"":""FAIL""},{""Step"":""FAIL""},{""Step"":""FAIL""},{""Step"":""FAIL""},{""Step"":""PERFECT""},{""Step"":""FAIL""}]","[""20240628-804862-34443444g-step1"",""20240628-113781-34443444g-step2"",""20240628-328347-34443444g-step3"",""20240628-480577-34443444g-step4"",""20240628-648241-34443444g-step5"",""20240628-530527-34443444g-step6"",""20240628-167757-34443444g-step7""]",34443444g,52355-SY,[2]
,6680e2b5fd02f933be6aca2b,SO,2024-06-30T04:47:43.841Z,,BSc(Hons) MLS,"[{""timestamp"":1719722716634,""datestring"":""30/6/2024 下午12:45:16""},{""timestamp"":1719722736844,""datestring"":""30/6/2024 下午12:45:36""},{""timestamp"":1719722747688,""datestring"":""30/6/2024 下午12:45:47""},{""timestamp"":1719722758230,""datestring"":""30/6/2024 下午12:45:58""},{""timestamp"":1719722791849,""datestring"":""30/6/2024 下午12:46:31""},{""timestamp"":1719722853454,""datestring"":""30/6/2024 下午12:47:33""},{""timestamp"":1719722863760,""datestring"":""30/6/2024 下午12:47:43""}]",,1719722677315,"[{""Step"":""FAIL""},{""Step"":""FAIL""},{""Step"":""FAIL""},{""Step"":""FAIL""},{""Step"":""FAIL""},{""Step"":""FAIL""},{""Step"":""FAIL""}]","[""20240630-759622-12345678a-step1"",""20240630-374867-12345678a-step2"",""20240630-651015-12345678a-step3"",""20240630-359511-12345678a-step4"",""20240630-983077-12345678a-step5"",""20240630-417127-12345678a-step6"",""20240630-489157-12345678a-step7""]",12345678a,ABCT1103,[0]
,66875fa0fd02f933be6aca2c,ABCT,2024-07-05T02:53:16.216Z,,BSc(Hons)BCT,"[{""timestamp"":1720147915850,""datestring"":""5/7/2024 上午10:51:55""},{""timestamp"":1720147929442,""datestring"":""5/7/2024 上午10:52:09""},{""timestamp"":1720147943067,""datestring"":""5/7/2024 上午10:52:23""},{""timestamp"":1720147956189,""datestring"":""5/7/2024 上午10:52:36""},{""timestamp"":1720147969465,""datestring"":""5/7/2024 上午10:52:49""},{""timestamp"":1720147982931,""datestring"":""5/7/2024 上午10:53:02""},{""timestamp"":1720147996118,""datestring"":""5/7/2024 上午10:53:16""}]",,1720147872584,"[{""Step"":""PERFECT""},{""Step"":""PERFECT""},{""Step"":""PERFECT""},{""Step"":""GOOD""},{""Step"":""PERFECT""},{""Step"":""FAIL""},{""Step"":""FAIL""}]","[""20240705-216628-23107521D-step1"",""20240705-357133-23107521D-step2"",""20240705-885156-23107521D-step3"",""20240705-494109-23107521D-step4"",""20240705-307307-23107521D-step5"",""20240705-973336-23107521D-step6"",""20240705-640631-23107521D-step7""]",23107521D,ABCT1103,[4.5]
,66879a67fd02f933be6aca2d,SN,,,BSc(Hons)Nursing,,,1720162919458,,,23080443D,JS3648,
,66879ac7fd02f933be6aca2e,SN,2024-07-05T07:14:27.481Z,,BSc(Hons)Nursing,"[{""timestamp"":1720163599591,""datestring"":""5/7/2024 下午3:13:19""},{""timestamp"":1720163610792,""datestring"":""5/7/2024 下午3:13:30""},{""timestamp"":1720163621618,""datestring"":""5/7/2024 下午3:13:41""},{""timestamp"":1720163632883,""datestring"":""5/7/2024 下午3:13:52""},{""timestamp"":1720163644141,""datestring"":""5/7/2024 下午3:14:04""},{""timestamp"":1720163655638,""datestring"":""5/7/2024 下午3:14:15""},{""timestamp"":1720163667400,""datestring"":""5/7/2024 下午3:14:27""}]",,1720163015086,"[{""Step"":""PERFECT""},{""Step"":""FAIL""},{""Step"":""FAIL""},{""Step"":""FAIL""},{""Step"":""FAIL""},{""Step"":""PERFECT""},{""Step"":""FAIL""}]","[""20240705-150858-23080443D-step1"",""20240705-490138-23080443D-step2"",""20240705-860460-23080443D-step3"",""20240705-178338-23080443D-step4"",""20240705-145608-23080443D-step5"",""20240705-924706-23080443D-step6"",""20240705-243529-23080443D-step7""]",23080443D,JS3648,[2]
,66879f26fd02f933be6aca2f,SN,2024-07-05T07:23:52.754Z,,BSc(Hons)Nursing,"[{""timestamp"":1720164164789,""datestring"":""5/7/2024 下午3:22:44""},{""timestamp"":1720164176106,""datestring"":""5/7/2024 下午3:22:56""},{""timestamp"":1720164187251,""datestring"":""5/7/2024 下午3:23:07""},{""timestamp"":1720164198465,""datestring"":""5/7/2024 下午3:23:18""},{""timestamp"":1720164209927,""datestring"":""5/7/2024 下午3:23:29""},{""timestamp"":1720164221133,""datestring"":""5/7/2024 下午3:23:41""},{""timestamp"":1720164232673,""datestring"":""5/7/2024 下午3:23:52""}]",,1720164134531,"[{""Step"":""FAIL""},{""Step"":""FAIL""},{""Step"":""GOOD""},{""Step"":""FAIL""},{""Step"":""FAIL""},{""Step"":""FAIL""},{""Step"":""FAIL""}]","[""20240705-572554-23074305D-step1"",""20240705-637801-23074305D-step2"",""20240705-856083-23074305D-step3"",""20240705-645014-23074305D-step4"",""20240705-462976-23074305D-step5"",""20240705-357764-23074305D-step6"",""20240705-580521-23074305D-step7""]",23074305D,JS3648,[0.5]
,6687a0a4fd02f933be6aca30,SO,2024-07-05T07:30:28.772Z,,BA(Hons)AASSM,"[{""timestamp"":1720164552279,""datestring"":""5/7/2024 下午3:29:12""},{""timestamp"":1720164565280,""datestring"":""5/7/2024 下午3:29:25""},{""timestamp"":1720164577797,""datestring"":""5/7/2024 下午3:29:37""},{""timestamp"":1720164590319,""datestring"":""5/7/2024 下午3:29:50""},{""timestamp"":1720164603519,""datestring"":""5/7/2024 下午3:30:03""},{""timestamp"":1720164616198,""datestring"":""5/7/2024 下午3:30:16""},{""timestamp"":1720164628691,""datestring"":""5/7/2024 下午3:30:28""}]",,1720164516179,"[{""Step"":""FAIL""},{""Step"":""PERFECT""},{""Step"":""FAIL""},{""Step"":""FAIL""},{""Step"":""FAIL""},{""Step"":""PERFECT""},{""Step"":""FAIL""}]","[""20240705-519700-11111111g-step1"",""20240705-705290-11111111g-step2"",""20240705-113426-11111111g-step3"",""20240705-844954-11111111g-step4"",""20240705-406590-11111111g-step5"",""20240705-239817-11111111g-step6"",""20240705-277301-11111111g-step7""]",11111111g,ABCT1103,[2]
,6687a28efd02f933be6aca31,SO,,,BA(Hons)SW,,,1720165006166,,,11111111g,ABCT1103,
,6687a2d3fd02f933be6aca32,SO,2024-07-05T07:39:28.751Z,,BA(Hons)AASSM,"[{""timestamp"":1720165095426,""datestring"":""5/7/2024 下午3:38:15""},{""timestamp"":1720165106992,""datestring"":""5/7/2024 下午3:38:26""},{""timestamp"":1720165118761,""datestring"":""5/7/2024 下午3:38:38""},{""timestamp"":1720165130573,""datestring"":""5/7/2024 下午3:38:50""},{""timestamp"":1720165142161,""datestring"":""5/7/2024 下午3:39:02""},{""timestamp"":1720165156590,""datestring"":""5/7/2024 下午3:39:16""},{""timestamp"":1720165168671,""datestring"":""5/7/2024 下午3:39:28""}]",,1720165075398,"[{""Step"":""FAIL""},{""Step"":""FAIL""},{""Step"":""FAIL""},{""Step"":""PERFECT""},{""Step"":""GOOD""},{""Step"":""PERFECT""},{""Step"":""FAIL""}]","[""20240705-507598-11111111g-step1"",""20240705-577170-11111111g-step2"",""20240705-217504-11111111g-step3"",""20240705-270054-11111111g-step4"",""20240705-566883-11111111g-step5"",""20240705-376415-11111111g-step6"",""20240705-607398-11111111g-step7""]",11111111g,ABCT1103,[2.5]
,6687a353fd02f933be6aca33,SO,2024-07-05T07:41:34.257Z,,BA(Hons)AASSM,"[{""timestamp"":1720165224544,""datestring"":""5/7/2024 下午3:40:24""},{""timestamp"":1720165236069,""datestring"":""5/7/2024 下午3:40:36""},{""timestamp"":1720165247734,""datestring"":""5/7/2024 下午3:40:47""},{""timestamp"":1720165259407,""datestring"":""5/7/2024 下午3:40:59""},{""timestamp"":1720165270812,""datestring"":""5/7/2024 下午3:41:10""},{""timestamp"":1720165282350,""datestring"":""5/7/2024 下午3:41:22""},{""timestamp"":1720165294176,""datestring"":""5/7/2024 下午3:41:34""}]",,1720165203884,"[{""Step"":""PERFECT""},{""Step"":""GOOD""},{""Step"":""FAIL""},{""Step"":""GOOD""},{""Step"":""FAIL""},{""Step"":""PERFECT""},{""Step"":""FAIL""}]","[""20240705-580884-22222222g-step1"",""20240705-889366-22222222g-step2"",""20240705-264000-22222222g-step3"",""20240705-964844-22222222g-step4"",""20240705-890256-22222222g-step5"",""20240705-319632-22222222g-step6"",""20240705-928641-22222222g-step7""]",22222222g,ABCT1103,[3]
,6687a3ccfd02f933be6aca34,HTI,,,BA(Hons)AASSM,,,1720165324737,,,11111111g,ABCT1103,
,6687a5dafd02f933be6aca35,SO,2024-07-05T07:52:40.137Z,,BA(Hons)AASSM,"[{""timestamp"":1720165876386,""datestring"":""5/7/2024 下午3:51:16""},{""timestamp"":1720165889563,""datestring"":""5/7/2024 下午3:51:29""},{""timestamp"":1720165902657,""datestring"":""5/7/2024 下午3:51:42""},{""timestamp"":1720165917669,""datestring"":""5/7/2024 下午3:51:57""},{""timestamp"":1720165931023,""datestring"":""5/7/2024 下午3:52:11""},{""timestamp"":1720165944958,""datestring"":""5/7/2024 下午3:52:24""},{""timestamp"":1720165960056,""datestring"":""5/7/2024 下午3:52:40""}]",,1720165850355,"[{""Step"":""PERFECT""},{""Step"":""PERFECT""},{""Step"":""FAIL""},{""Step"":""FAIL""},{""Step"":""FAIL""},{""Step"":""FAIL""},{""Step"":""FAIL""}]","[""20240705-260523-22222222g-step1"",""20240705-603692-22222222g-step2"",""20240705-758662-22222222g-step3"",""20240705-124740-22222222g-step4"",""20240705-345875-22222222g-step5"",""20240705-311189-22222222g-step6"",""20240705-771322-22222222g-step7""]",22222222g,52355-SY,[2]
,6687a66ffd02f933be6aca36,SO,2024-07-05T07:54:55.319Z,,BA(Hons)SW,"[{""timestamp"":1720166021465,""datestring"":""5/7/2024 下午3:53:41""},{""timestamp"":1720166033138,""datestring"":""5/7/2024 下午3:53:53""},{""timestamp"":1720166046769,""datestring"":""5/7/2024 下午3:54:06""},{""timestamp"":1720166059495,""datestring"":""5/7/2024 下午3:54:19""},{""timestamp"":1720166070762,""datestring"":""5/7/2024 下午3:54:30""},{""timestamp"":1720166082330,""datestring"":""5/7/2024 下午3:54:42""},{""timestamp"":1720166095238,""datestring"":""5/7/2024 下午3:54:55""}]",,1720165999154,"[{""Step"":""PERFECT""},{""Step"":""PERFECT""},{""Step"":""FAIL""},{""Step"":""FAIL""},{""Step"":""PERFECT""},{""Step"":""PERFECT""},{""Step"":""FAIL""}]","[""20240705-154129-22222222g-step1"",""20240705-578171-22222222g-step2"",""20240705-964341-22222222g-step3"",""20240705-972494-22222222g-step4"",""20240705-630223-22222222g-step5"",""20240705-261858-22222222g-step6"",""20240705-542015-22222222g-step7""]",22222222g,ABCT1103,[4]
,668b57acfd02f933be6aca37,ABCT,,,BA(Hons)SW,,,1720407980215,,,11111111g,ABCT1103,
,668b583ffd02f933be6aca38,SO,2024-07-08T03:10:19.208Z,,BA(Hons)AASSM,"[{""timestamp"":1720408150353,""datestring"":""8/7/2024 上午11:09:10""},{""timestamp"":1720408161815,""datestring"":""8/7/2024 上午11:09:21""},{""timestamp"":1720408173153,""datestring"":""8/7/2024 上午11:09:33""},{""timestamp"":1720408184469,""datestring"":""8/7/2024 上午11:09:44""},{""timestamp"":1720408196044,""datestring"":""8/7/2024 上午11:09:56""},{""timestamp"":1720408207573,""datestring"":""8/7/2024 上午11:10:07""},{""timestamp"":1720408219126,""datestring"":""8/7/2024 上午11:10:19""}]",,1720408127337,"[{""Step"":""PERFECT""},{""Step"":""PERFECT""},{""Step"":""PERFECT""},{""Step"":""FAIL""},{""Step"":""FAIL""},{""Step"":""PERFECT""},{""Step"":""FAIL""}]","[""20240708-183471-11111111g-step1"",""20240708-411056-11111111g-step2"",""20240708-458390-11111111g-step3"",""20240708-525276-11111111g-step4"",""20240708-207755-11111111g-step5"",""20240708-975818-11111111g-step6"",""20240708-523264-11111111g-step7""]",11111111g,ABCT1103,[4]
,668b58ccfd02f933be6aca39,SO,2024-07-08T03:20:56.169Z,,BA(Hons)AASSM,"[{""timestamp"":1720408288813,""datestring"":""8/7/2024 上午11:11:28""},{""timestamp"":1720408300646,""datestring"":""8/7/2024 上午11:11:40""},{""timestamp"":1720408312070,""datestring"":""8/7/2024 上午11:11:52""},{""timestamp"":1720408323535,""datestring"":""8/7/2024 上午11:12:03""},{""timestamp"":1720408334715,""datestring"":""8/7/2024 上午11:12:14""},{""timestamp"":1720408346752,""datestring"":""8/7/2024 上午11:12:26""},{""timestamp"":1720408358866,""datestring"":""8/7/2024 上午11:12:38""},{""timestamp"":1720408390440,""datestring"":""8/7/2024 上午11:13:10""},{""timestamp"":1720408401386,""datestring"":""8/7/2024 上午11:13:21""},{""timestamp"":1720408412889,""datestring"":""8/7/2024 上午11:13:32""},{""timestamp"":1720408424378,""datestring"":""8/7/2024 上午11:13:44""},{""timestamp"":1720408435815,""datestring"":""8/7/2024 上午11:13:55""},{""timestamp"":1720408447107,""datestring"":""8/7/2024 上午11:14:07""},{""timestamp"":1720408458796,""datestring"":""8/7/2024 上午11:14:18""},{""timestamp"":1720408495097,""datestring"":""8/7/2024 上午11:14:55""},{""timestamp"":1720408506625,""datestring"":""8/7/2024 上午11:15:06""},{""timestamp"":1720408518736,""datestring"":""8/7/2024 上午11:15:18""},{""timestamp"":1720408530533,""datestring"":""8/7/2024 上午11:15:30""},{""timestamp"":1720408541874,""datestring"":""8/7/2024 上午11:15:41""},{""timestamp"":1720408553441,""datestring"":""8/7/2024 上午11:15:53""},{""timestamp"":1720408565844,""datestring"":""8/7/2024 上午11:16:05""},{""timestamp"":1720408686161,""datestring"":""8/7/2024 上午11:18:06""},{""timestamp"":1720408697823,""datestring"":""8/7/2024 上午11:18:17""},{""timestamp"":1720408710553,""datestring"":""8/7/2024 上午11:18:30""},{""timestamp"":1720408722133,""datestring"":""8/7/2024 上午11:18:42""},{""timestamp"":1720408733590,""datestring"":""8/7/2024 上午11:18:53""},{""timestamp"":1720408745211,""datestring"":""8/7/2024 上午11:19:05""},{""timestamp"":1720408756697,""datestring"":""8/7/2024 上午11:19:16""},{""timestamp"":1720408785800,""datestring"":""8/7/2024 上午11:19:45""},{""timestamp"":1720408797927,""datestring"":""8/7/2024 上午11:19:57""},{""timestamp"":1720408809187,""datestring"":""8/7/2024 上午11:20:09""},{""timestamp"":1720408820796,""datestring"":""8/7/2024 上午11:20:20""},{""timestamp"":1720408832408,""datestring"":""8/7/2024 上午11:20:32""},{""timestamp"":1720408843809,""datestring"":""8/7/2024 上午11:20:43""},{""timestamp"":1720408856088,""datestring"":""8/7/2024 上午11:20:56""}]",,1720408268231,"[{""Step"":""PERFECT""},{""Step"":""FAIL""},{""Step"":""FAIL""},{""Step"":""FAIL""},{""Step"":""FAIL""},{""Step"":""PERFECT""},{""Step"":""FAIL""},{""Step"":""PERFECT""},{""Step"":""PERFECT""},{""Step"":""FAIL""},{""Step"":""PERFECT""},{""Step"":""PERFECT""},{""Step"":""FAIL""},{""Step"":""FAIL""},{""Step"":""PERFECT""},{""Step"":""FAIL""},{""Step"":""FAIL""},{""Step"":""PERFECT""},{""Step"":""FAIL""},{""Step"":""PERFECT""},{""Step"":""FAIL""},{""Step"":""PERFECT""},{""Step"":""FAIL""},{""Step"":""FAIL""},{""Step"":""FAIL""},{""Step"":""FAIL""},{""Step"":""PERFECT""},{""Step"":""FAIL""},{""Step"":""PERFECT""},{""Step"":""FAIL""},{""Step"":""PERFECT""},{""Step"":""PERFECT""},{""Step"":""FAIL""},{""Step"":""PERFECT""},{""Step"":""FAIL""}]","[""20240708-482781-11111111g-step1"",""20240708-273374-11111111g-step2"",""20240708-524015-11111111g-step3"",""20240708-559946-11111111g-step4"",""20240708-868735-11111111g-step5"",""20240708-428958-11111111g-step6"",""20240708-166950-11111111g-step7"",""20240708-680914-11111111g-step1"",""20240708-402871-11111111g-step2"",""20240708-685333-11111111g-step3"",""20240708-171818-11111111g-step4"",""20240708-715714-11111111g-step5"",""20240708-374114-11111111g-step6"",""20240708-703733-11111111g-step7"",""20240708-103082-11111111g-step1"",""20240708-111262-11111111g-step2"",""20240708-875790-11111111g-step3"",""20240708-825110-11111111g-step4"",""20240708-378307-11111111g-step5"",""20240708-871509-11111111g-step6"",""20240708-140101-11111111g-step7"",""20240708-554456-11111111g-step1"",""20240708-250315-11111111g-step2"",""20240708-109762-11111111g-step3"",""20240708-945641-11111111g-step4"",""20240708-419268-11111111g-step5"",""20240708-919218-11111111g-step6"",""20240708-787997-11111111g-step7"",""20240708-321041-11111111g-step1"",""20240708-929416-11111111g-step2"",""20240708-245638-11111111g-step3"",""20240708-343158-11111111g-step4"",""20240708-907375-11111111g-step5"",""20240708-539429-11111111g-step6"",""20240708-206445-11111111g-step7""]",11111111g,ABCT1103,"[2,4,3,2,4]"
,668b5b32fd02f933be6aca3a,ABCT,2024-07-08T03:22:56.776Z,,BA(Hons)AASSM,"[{""timestamp"":1720408906135,""datestring"":""8/7/2024 上午11:21:46""},{""timestamp"":1720408917632,""datestring"":""8/7/2024 上午11:21:57""},{""timestamp"":1720408929981,""datestring"":""8/7/2024 上午11:22:09""},{""timestamp"":1720408941629,""datestring"":""8/7/2024 上午11:22:21""},{""timestamp"":1720408953303,""datestring"":""8/7/2024 上午11:22:33""},{""timestamp"":1720408964985,""datestring"":""8/7/2024 上午11:22:44""},{""timestamp"":1720408976695,""datestring"":""8/7/2024 上午11:22:56""}]",,1720408882027,"[{""Step"":""PERFECT""},{""Step"":""FAIL""},{""Step"":""FAIL""},{""Step"":""FAIL""},{""Step"":""FAIL""},{""Step"":""PERFECT""},{""Step"":""FAIL""}]","[""20240708-100871-12222222g-step1"",""20240708-442587-12222222g-step2"",""20240708-433465-12222222g-step3"",""20240708-718228-12222222g-step4"",""20240708-735736-12222222g-step5"",""20240708-423863-12222222g-step6"",""20240708-816891-12222222g-step7""]",12222222g,ABCT1103,[2]
,668cad1efd02f933be6aca3b,HTI,2024-07-09T03:24:49.420Z,,BA(Hons)SW,"[{""timestamp"":1720495412839,""datestring"":""9/7/2024 上午11:23:32""},{""timestamp"":1720495425541,""datestring"":""9/7/2024 上午11:23:45""},{""timestamp"":1720495438100,""datestring"":""9/7/2024 上午11:23:58""},{""timestamp"":1720495450956,""datestring"":""9/7/2024 上午11:24:10""},{""timestamp"":1720495463798,""datestring"":""9/7/2024 上午11:24:23""},{""timestamp"":1720495476388,""datestring"":""9/7/2024 上午11:24:36""},{""timestamp"":1720495489338,""datestring"":""9/7/2024 上午11:24:49""}]",,1720495390142,"[{""Step"":""PERFECT""},{""Step"":""PERFECT""},{""Step"":""PERFECT""},{""Step"":""PERFECT""},{""Step"":""FAIL""},{""Step"":""PERFECT""},{""Step"":""FAIL""}]","[""20240709-177406-11111111g-step1"",""20240709-640202-11111111g-step2"",""20240709-184252-11111111g-step3"",""20240709-991564-11111111g-step4"",""20240709-465553-11111111g-step5"",""20240709-924466-11111111g-step6"",""20240709-937281-11111111g-step7""]",11111111g,ABCT1103,[5]
,668cbae2fd02f933be6aca3c,SN,2024-07-09T04:23:49.123Z,,BSc(Hons)Nursing,"[{""timestamp"":1720498951247,""datestring"":""9/7/2024 下午12:22:31""},{""timestamp"":1720498964071,""datestring"":""9/7/2024 下午12:22:44""},{""timestamp"":1720498976929,""datestring"":""9/7/2024 下午12:22:56""},{""timestamp"":1720498989869,""datestring"":""9/7/2024 下午12:23:09""},{""timestamp"":1720499002943,""datestring"":""9/7/2024 下午12:23:22""},{""timestamp"":1720499015953,""datestring"":""9/7/2024 下午12:23:35""},{""timestamp"":1720499029041,""datestring"":""9/7/2024 下午12:23:49""}]",,1720498914105,"[{""Step"":""PERFECT""},{""Step"":""FAIL""},{""Step"":""FAIL""},{""Step"":""FAIL""},{""Step"":""PERFECT""},{""Step"":""GOOD""},{""Step"":""FAIL""}]","[""20240709-494028-19061966D-step1"",""20240709-572098-19061966D-step2"",""20240709-429823-19061966D-step3"",""20240709-239604-19061966D-step4"",""20240709-560080-19061966D-step5"",""20240709-818404-19061966D-step6"",""20240709-182534-19061966D-step7""]",19061966D,JS3648,[2.5]
,668cddbdfd02f933be6aca3d,ABCT,,,BA(Hons)AASSM,,,1720507837714,,,11111111d,ABCT1103,
,668cddbdfd02f933be6aca3e,ABCT,,,BA(Hons)AASSM,,,1720507837716,,,11111111d,ABCT1103,
,668cdfb6fd02f933be6aca3f,ABCT,2024-07-09T07:00:47.909Z,,BA(Hons)AASSM,"[{""timestamp"":1720508367015,""datestring"":""9/7/2024 下午2:59:27""},{""timestamp"":1720508380202,""datestring"":""9/7/2024 下午2:59:40""},{""timestamp"":1720508393651,""datestring"":""9/7/2024 下午2:59:53""},{""timestamp"":1720508406560,""datestring"":""9/7/2024 下午3:00:06""},{""timestamp"":1720508419540,""datestring"":""9/7/2024 下午3:00:19""},{""timestamp"":1720508434337,""datestring"":""9/7/2024 下午3:00:34""},{""timestamp"":1720508447827,""datestring"":""9/7/2024 下午3:00:47""}]",,1720508342760,"[{""Step"":""PERFECT""},{""Step"":""PERFECT""},{""Step"":""PERFECT""},{""Step"":""PERFECT""},{""Step"":""PERFECT""},{""Step"":""PERFECT""},{""Step"":""FAIL""}]","[""20240709-387978-11111111d-step1"",""20240709-320943-11111111d-step2"",""20240709-110061-11111111d-step3"",""20240709-720866-11111111d-step4"",""20240709-135175-11111111d-step5"",""20240709-902104-11111111d-step6"",""20240709-661681-11111111d-step7""]",11111111d,SO4013,[6]
,668ce362fd02f933be6aca40,ABCT,,,BSc(Hons)BCT,,,1720509282178,,,21031539D,ABCT1103,
,668ce362fd02f933be6aca41,ABCT,,,BSc(Hons)BCT,,,1720509282871,,,21031539D,ABCT1103,
,668ce387fd02f933be6aca42,SO,2024-07-09T07:17:21.798Z,,BA(Hons)SW,"[{""timestamp"":1720509350168,""datestring"":""9/7/2024 下午3:15:50""},{""timestamp"":1720509365806,""datestring"":""9/7/2024 下午3:16:05""},{""timestamp"":1720509381600,""datestring"":""9/7/2024 下午3:16:21""},{""timestamp"":1720509397105,""datestring"":""9/7/2024 下午3:16:37""},{""timestamp"":1720509411395,""datestring"":""9/7/2024 下午3:16:51""},{""timestamp"":1720509425974,""datestring"":""9/7/2024 下午3:17:05""},{""timestamp"":1720509441717,""datestring"":""9/7/2024 下午3:17:21""}]",,1720509319297,"[{""Step"":""PERFECT""},{""Step"":""FAIL""},{""Step"":""PERFECT""},{""Step"":""PERFECT""},{""Step"":""PERFECT""},{""Step"":""FAIL""},{""Step"":""FAIL""}]","[""20240709-648942-11111111g-step1"",""20240709-283111-11111111g-step2"",""20240709-530954-11111111g-step3"",""20240709-306100-11111111g-step4"",""20240709-257517-11111111g-step5"",""20240709-523019-11111111g-step6"",""20240709-207346-11111111g-step7""]",11111111g,52355-SY,[4]
,668ce5cdfd02f933be6aca43,ABCT,2024-07-09T07:26:29.035Z,,BSc(Hons)BCT,"[{""timestamp"":1720509920396,""datestring"":""9/7/2024 下午3:25:20""},{""timestamp"":1720509931886,""datestring"":""9/7/2024 下午3:25:31""},{""timestamp"":1720509943063,""datestring"":""9/7/2024 下午3:25:43""},{""timestamp"":1720509954555,""datestring"":""9/7/2024 下午3:25:54""},{""timestamp"":1720509966139,""datestring"":""9/7/2024 下午3:26:06""},{""timestamp"":1720509977576,""datestring"":""9/7/2024 下午3:26:17""},{""timestamp"":1720509988954,""datestring"":""9/7/2024 下午3:26:28""}]",,1720509901644,"[{""Step"":""PERFECT""},{""Step"":""PERFECT""},{""Step"":""FAIL""},{""Step"":""PERFECT""},{""Step"":""PERFECT""},{""Step"":""FAIL""},{""Step"":""FAIL""}]","[""20240709-532502-21084244D-step1"",""20240709-133141-21084244D-step2"",""20240709-558507-21084244D-step3"",""20240709-953782-21084244D-step4"",""20240709-219058-21084244D-step5"",""20240709-218238-21084244D-step6"",""20240709-128266-21084244D-step7""]",21084244D,ABCT1103,[4]
,6690d5d6fd02f933be6aca44,Others,,,Others,,,1720767958799,,,20000000d,Others,
,6690d5d6fd02f933be6aca45,Others,2024-07-12T07:08:40.079Z,,Others,"[{""timestamp"":1720768051456,""datestring"":""12/7/2024 下午3:07:31""},{""timestamp"":1720768063205,""datestring"":""12/7/2024 下午3:07:43""},{""timestamp"":1720768074198,""datestring"":""12/7/2024 下午3:07:54""},{""timestamp"":1720768085864,""datestring"":""12/7/2024 下午3:08:05""},{""timestamp"":1720768097266,""datestring"":""12/7/2024 下午3:08:17""},{""timestamp"":1720768108749,""datestring"":""12/7/2024 下午3:08:28""},{""timestamp"":1720768119997,""datestring"":""12/7/2024 下午3:08:39""}]",,1720767958820,"[{""Step"":""FAIL""},{""Step"":""PERFECT""},{""Step"":""FAIL""},{""Step"":""FAIL""},{""Step"":""FAIL""},{""Step"":""PERFECT""},{""Step"":""FAIL""}]","[""20240712-151179-20000000d-step1"",""20240712-245906-20000000d-step2"",""20240712-270600-20000000d-step3"",""20240712-612308-20000000d-step4"",""20240712-870494-20000000d-step5"",""20240712-879830-20000000d-step6"",""20240712-571139-20000000d-step7""]",20000000d,Others,[2]
,6690d900fd02f933be6aca46,HTI,2024-07-12T07:21:07.994Z,,BA(Hons)SW,"[{""timestamp"":1720768798055,""datestring"":""12/7/2024 下午3:19:58""},{""timestamp"":1720768810087,""datestring"":""12/7/2024 下午3:20:10""},{""timestamp"":1720768821743,""datestring"":""12/7/2024 下午3:20:21""},{""timestamp"":1720768833279,""datestring"":""12/7/2024 下午3:20:33""},{""timestamp"":1720768844643,""datestring"":""12/7/2024 下午3:20:44""},{""timestamp"":1720768856279,""datestring"":""12/7/2024 下午3:20:56""},{""timestamp"":1720768867913,""datestring"":""12/7/2024 下午3:21:07""}]",,1720768768245,"[{""Step"":""PERFECT""},{""Step"":""PERFECT""},{""Step"":""FAIL""},{""Step"":""FAIL""},{""Step"":""FAIL""},{""Step"":""FAIL""},{""Step"":""FAIL""}]","[""20240712-425502-11111111g-step1"",""20240712-111680-11111111g-step2"",""20240712-804345-11111111g-step3"",""20240712-827329-11111111g-step4"",""20240712-557916-11111111g-step5"",""20240712-390706-11111111g-step6"",""20240712-994257-11111111g-step7""]",11111111g,ABCT1103,[2]
,6690daa5fd02f933be6aca47,HTI,2024-07-12T07:28:05.250Z,,BA(Hons)SW,"[{""timestamp"":1720769215631,""datestring"":""12/7/2024 下午3:26:55""},{""timestamp"":1720769227188,""datestring"":""12/7/2024 下午3:27:07""},{""timestamp"":1720769238933,""datestring"":""12/7/2024 下午3:27:18""},{""timestamp"":1720769250468,""datestring"":""12/7/2024 下午3:27:30""},{""timestamp"":1720769261738,""datestring"":""12/7/2024 下午3:27:41""},{""timestamp"":1720769273725,""datestring"":""12/7/2024 下午3:27:53""},{""timestamp"":1720769285169,""datestring"":""12/7/2024 下午3:28:05""}]",,1720769189620,"[{""Step"":""PERFECT""},{""Step"":""PERFECT""},{""Step"":""FAIL""},{""Step"":""FAIL""},{""Step"":""FAIL""},{""Step"":""PERFECT""},{""Step"":""FAIL""}]","[""20240712-185646-11111111g-step1"",""20240712-759242-11111111g-step2"",""20240712-678756-11111111g-step3"",""20240712-331807-11111111g-step4"",""20240712-876426-11111111g-step5"",""20240712-633228-11111111g-step6"",""20240712-397275-11111111g-step7""]",11111111g,ABCT1103,[3]
,66977c57fd02f933be6aca48,ABCT,2024-07-17T08:15:39.969Z,,BA(Hons)SW,"[{""timestamp"":1721203907344,""datestring"":""17/7/2024 下午4:11:47""},{""timestamp"":1721203960850,""datestring"":""17/7/2024 下午4:12:40""},{""timestamp"":1721203997804,""datestring"":""17/7/2024 下午4:13:17""},{""timestamp"":1721204032557,""datestring"":""17/7/2024 下午4:13:52""},{""timestamp"":1721204080662,""datestring"":""17/7/2024 下午4:14:40""},{""timestamp"":1721204107077,""datestring"":""17/7/2024 下午4:15:07""},{""timestamp"":1721204139887,""datestring"":""17/7/2024 下午4:15:39""}]",,1721203799785,"[{""Step"":""PERFECT""},{""Step"":""GOOD""},{""Step"":""GOOD""},{""Step"":""PERFECT""},{""Step"":""FAIL""},{""Step"":""PERFECT""},{""Step"":""FAIL""}]","[""20240717-141463-11111111d-step1"",""20240717-506343-11111111d-step2"",""20240717-151506-11111111d-step3"",""20240717-166811-11111111d-step4"",""20240717-841162-11111111d-step5"",""20240717-141759-11111111d-step6"",""20240717-470616-11111111d-step7""]",11111111d,52355-SY,[4]
,66977e1cfd02f933be6aca49,ABCT,2024-07-17T08:19:02.843Z,,BA(Hons)AASSM,"[{""timestamp"":1721204271733,""datestring"":""17/7/2024 下午4:17:51""},{""timestamp"":1721204283359,""datestring"":""17/7/2024 下午4:18:03""},{""timestamp"":1721204294765,""datestring"":""17/7/2024 下午4:18:14""},{""timestamp"":1721204307561,""datestring"":""17/7/2024 下午4:18:27""},{""timestamp"":1721204319273,""datestring"":""17/7/2024 下午4:18:39""},{""timestamp"":1721204330516,""datestring"":""17/7/2024 下午4:18:50""},{""timestamp"":1721204342761,""datestring"":""17/7/2024 下午4:19:02""}]",,1721204252497,"[{""Step"":""PERFECT""},{""Step"":""FAIL""},{""Step"":""FAIL""},{""Step"":""FAIL""},{""Step"":""FAIL""},{""Step"":""PERFECT""},{""Step"":""FAIL""}]","[""20240717-189912-11111111d-step1"",""20240717-994606-11111111d-step2"",""20240717-796466-11111111d-step3"",""20240717-323751-11111111d-step4"",""20240717-979074-11111111d-step5"",""20240717-627740-11111111d-step6"",""20240717-172922-11111111d-step7""]",11111111d,ABCT1103,[2]
,66977e98fd02f933be6aca4a,SO,2024-07-17T08:21:07.969Z,,BA(Hons)SW,"[{""timestamp"":1721204397079,""datestring"":""17/7/2024 下午4:19:57""},{""timestamp"":1721204408718,""datestring"":""17/7/2024 下午4:20:08""},{""timestamp"":1721204420355,""datestring"":""17/7/2024 下午4:20:20""},{""timestamp"":1721204431759,""datestring"":""17/7/2024 下午4:20:31""},{""timestamp"":1721204443261,""datestring"":""17/7/2024 下午4:20:43""},{""timestamp"":1721204456540,""datestring"":""17/7/2024 下午4:20:56""},{""timestamp"":1721204467887,""datestring"":""17/7/2024 下午4:21:07""}]",,1721204376598,"[{""Step"":""PERFECT""},{""Step"":""FAIL""},{""Step"":""FAIL""},{""Step"":""FAIL""},{""Step"":""PERFECT""},{""Step"":""PERFECT""},{""Step"":""FAIL""}]","[""20240717-466142-11111111d-step1"",""20240717-711654-11111111d-step2"",""20240717-760570-11111111d-step3"",""20240717-274689-11111111d-step4"",""20240717-818539-11111111d-step5"",""20240717-706921-11111111d-step6"",""20240717-841630-11111111d-step7""]",11111111d,ABCT1103,[3]
,66977f0ffd02f933be6aca4b,HTI,,,BA(Hons)AASSM,,,1721204495820,,,11111111d,ABCT1103,
,66978971fd02f933be6aca4c,HTI,,,BA(Hons)SW,,,1721207153654,,,11111111d,ABCT1103,
,669789b2fd02f933be6aca4d,SO,2024-07-17T09:09:09.598Z,,BA(Hons)SW,"[{""timestamp"":1721207280970,""datestring"":""17/7/2024 下午5:08:00""},{""timestamp"":1721207292274,""datestring"":""17/7/2024 下午5:08:12""},{""timestamp"":1721207303688,""datestring"":""17/7/2024 下午5:08:23""},{""timestamp"":1721207314996,""datestring"":""17/7/2024 下午5:08:34""},{""timestamp"":1721207326710,""datestring"":""17/7/2024 下午5:08:46""},{""timestamp"":1721207338381,""datestring"":""17/7/2024 下午5:08:58""},{""timestamp"":1721207349517,""datestring"":""17/7/2024 下午5:09:09""}]",,1721207218679,"[{""Step"":""PERFECT""},{""Step"":""FAIL""},{""Step"":""FAIL""},{""Step"":""FAIL""},{""Step"":""FAIL""},{""Step"":""PERFECT""},{""Step"":""FAIL""}]","[""20240717-680442-11111111d-step1"",""20240717-134484-11111111d-step2"",""20240717-373657-11111111d-step3"",""20240717-953791-11111111d-step4"",""20240717-964665-11111111d-step5"",""20240717-604240-11111111d-step6"",""20240717-451342-11111111d-step7""]",11111111d,SO4013,[2]
,66978a5efd02f933be6aca4e,SO,2024-07-17T09:11:43.106Z,,BA(Hons)AASSM,"[{""timestamp"":1721207420098,""datestring"":""17/7/2024 下午5:10:20""},{""timestamp"":1721207434190,""datestring"":""17/7/2024 下午5:10:34""},{""timestamp"":1721207447812,""datestring"":""17/7/2024 下午5:10:47""},{""timestamp"":1721207461123,""datestring"":""17/7/2024 下午5:11:01""},{""timestamp"":1721207474695,""datestring"":""17/7/2024 下午5:11:14""},{""timestamp"":1721207488775,""datestring"":""17/7/2024 下午5:11:28""},{""timestamp"":1721207503025,""datestring"":""17/7/2024 下午5:11:43""}]",,1721207390506,"[{""Step"":""PERFECT""},{""Step"":""PERFECT""},{""Step"":""GOOD""},{""Step"":""FAIL""},{""Step"":""FAIL""},{""Step"":""FAIL""},{""Step"":""FAIL""}]","[""20240717-213638-11111111d-step1"",""20240717-392441-11111111d-step2"",""20240717-868826-11111111d-step3"",""20240717-671265-11111111d-step4"",""20240717-800917-11111111d-step5"",""20240717-918772-11111111d-step6"",""20240717-861835-11111111d-step7""]",11111111d,52355-SY,[2.5]
,66978c19fd02f933be6aca4f,ABCT,2024-07-17T09:19:12.525Z,,BA(Hons)AASSM,"[{""timestamp"":1721207861620,""datestring"":""17/7/2024 下午5:17:41""},{""timestamp"":1721207876120,""datestring"":""17/7/2024 下午5:17:56""},{""timestamp"":1721207890571,""datestring"":""17/7/2024 下午5:18:10""},{""timestamp"":1721207905242,""datestring"":""17/7/2024 下午5:18:25""},{""timestamp"":1721207920552,""datestring"":""17/7/2024 下午5:18:40""},{""timestamp"":1721207935622,""datestring"":""17/7/2024 下午5:18:55""},{""timestamp"":1721207952444,""datestring"":""17/7/2024 下午5:19:12""}]",,1721207833060,"[{""Step"":""PERFECT""},{""Step"":""PERFECT""},{""Step"":""GOOD""},{""Step"":""FAIL""},{""Step"":""FAIL""},{""Step"":""PERFECT""},{""Step"":""FAIL""}]","[""20240717-523398-11111111g-step1"",""20240717-774294-11111111g-step2"",""20240717-992017-11111111g-step3"",""20240717-748445-11111111g-step4"",""20240717-225689-11111111g-step5"",""20240717-934212-11111111g-step6"",""20240717-825959-11111111g-step7""]",11111111g,ABCT1103,[3.5]
,669dce50fd02f933be6aca50,HTI,,,BA(Hons)SW,,,1721618000656,,,11111111d,ABCT1103,
,669dce51fd02f933be6aca51,HTI,,,BA(Hons)SW,,,1721618001094,,,11111111d,ABCT1103,
,669dce52fd02f933be6aca52,HTI,2024-07-22T03:18:50.358Z,,BA(Hons)SW,"[{""timestamp"":1721618134097,""datestring"":""22/7/2024 上午11:15:34""},{""timestamp"":1721618146669,""datestring"":""22/7/2024 上午11:15:46""},{""timestamp"":1721618236003,""datestring"":""22/7/2024 上午11:17:16""},{""timestamp"":1721618304927,""datestring"":""22/7/2024 上午11:18:24""},{""timestamp"":1721618317660,""datestring"":""22/7/2024 上午11:18:37""},{""timestamp"":1721618330269,""datestring"":""22/7/2024 上午11:18:50""}]",,1721618002524,"[{""Step"":""PERFECT""},{""Step"":""FAIL""},{""Step"":""FAIL""},{""Step"":""FAIL""},{""Step"":""FAIL""},{""Step"":""FAIL""}]","[""20240722-962902-11111111d-step1"",""20240722-371506-11111111d-step2"",""20240722-967167-11111111d-step3"",""20240722-323419-11111111d-step4"",""20240722-669729-11111111d-step5"",""20240722-954517-11111111d-step6""]",11111111d,ABCT1103,[]
,669dd075fd02f933be6aca53,SN,2024-07-22T03:24:26.069Z,,BA(Hons)SW,"[{""timestamp"":1721618591514,""datestring"":""22/7/2024 上午11:23:11""},{""timestamp"":1721618603972,""datestring"":""22/7/2024 上午11:23:23""},{""timestamp"":1721618616944,""datestring"":""22/7/2024 上午11:23:36""},{""timestamp"":1721618629179,""datestring"":""22/7/2024 上午11:23:49""},{""timestamp"":1721618641081,""datestring"":""22/7/2024 上午11:24:01""},{""timestamp"":1721618653279,""datestring"":""22/7/2024 上午11:24:13""},{""timestamp"":1721618665980,""datestring"":""22/7/2024 上午11:24:25""}]",,1721618549082,"[{""Step"":""GOOD""},{""Step"":""FAIL""},{""Step"":""FAIL""},{""Step"":""FAIL""},{""Step"":""FAIL""},{""Step"":""FAIL""},{""Step"":""FAIL""}]","[""20240722-758370-23083183d-step1"",""20240722-634335-23083183d-step2"",""20240722-617886-23083183d-step3"",""20240722-185805-23083183d-step4"",""20240722-321805-23083183d-step5"",""20240722-612458-23083183d-step6"",""20240722-972605-23083183d-step7""]",23083183d,52355-SY,[0.5]
,669dd19bfd02f933be6aca54,ABCT,2024-07-22T03:29:00.806Z,,BA(Hons)SW,"[{""timestamp"":1721618867156,""datestring"":""22/7/2024 上午11:27:47""},{""timestamp"":1721618879352,""datestring"":""22/7/2024 上午11:27:59""},{""timestamp"":1721618891304,""datestring"":""22/7/2024 上午11:28:11""},{""timestamp"":1721618903300,""datestring"":""22/7/2024 上午11:28:23""},{""timestamp"":1721618916169,""datestring"":""22/7/2024 上午11:28:36""},{""timestamp"":1721618928288,""datestring"":""22/7/2024 上午11:28:48""},{""timestamp"":1721618940717,""datestring"":""22/7/2024 上午11:29:00""}]",,1721618843059,"[{""Step"":""PERFECT""},{""Step"":""GOOD""},{""Step"":""FAIL""},{""Step"":""FAIL""},{""Step"":""FAIL""},{""Step"":""PERFECT""},{""Step"":""FAIL""}]","[""20240722-111047-11111111d-step1"",""20240722-118147-11111111d-step2"",""20240722-889187-11111111d-step3"",""20240722-296095-11111111d-step4"",""20240722-761920-11111111d-step5"",""20240722-439604-11111111d-step6"",""20240722-656204-11111111d-step7""]",11111111d,ABCT1103,[2.5]
,669dd3ebfd02f933be6aca55,ABCT,2024-07-22T03:38:56.562Z,,BA(Hons)AASSM,"[{""timestamp"":1721619461333,""datestring"":""22/7/2024 上午11:37:41""},{""timestamp"":1721619473990,""datestring"":""22/7/2024 上午11:37:53""},{""timestamp"":1721619486622,""datestring"":""22/7/2024 上午11:38:06""},{""timestamp"":1721619498813,""datestring"":""22/7/2024 上午11:38:18""},{""timestamp"":1721619511388,""datestring"":""22/7/2024 上午11:38:31""},{""timestamp"":1721619524146,""datestring"":""22/7/2024 上午11:38:44""},{""timestamp"":1721619536473,""datestring"":""22/7/2024 上午11:38:56""}]",,1721619435715,"[{""Step"":""PERFECT""},{""Step"":""PERFECT""},{""Step"":""FAIL""},{""Step"":""FAIL""},{""Step"":""FAIL""},{""Step"":""FAIL""},{""Step"":""FAIL""}]","[""20240722-207846-11111111d-step1"",""20240722-590599-11111111d-step2"",""20240722-793831-11111111d-step3"",""20240722-198653-11111111d-step4"",""20240722-879293-11111111d-step5"",""20240722-932366-11111111d-step6"",""20240722-397934-11111111d-step7""]",11111111d,ABCT1103,[2]
,669dd706fd02f933be6aca56,SN,2024-07-22T03:52:11.422Z,,BA(Hons)SW,"[{""timestamp"":1721620262705,""datestring"":""22/7/2024 上午11:51:02""},{""timestamp"":1721620274155,""datestring"":""22/7/2024 上午11:51:14""},{""timestamp"":1721620285190,""datestring"":""22/7/2024 上午11:51:25""},{""timestamp"":1721620297098,""datestring"":""22/7/2024 上午11:51:37""},{""timestamp"":1721620308279,""datestring"":""22/7/2024 上午11:51:48""},{""timestamp"":1721620319761,""datestring"":""22/7/2024 上午11:51:59""},{""timestamp"":1721620331334,""datestring"":""22/7/2024 上午11:52:11""}]",,1721620230183,"[{""Step"":""FAIL""},{""Step"":""FAIL""},{""Step"":""FAIL""},{""Step"":""PERFECT""},{""Step"":""FAIL""},{""Step"":""FAIL""},{""Step"":""FAIL""}]","[""20240722-446256-23085828d-step1"",""20240722-922876-23085828d-step2"",""20240722-966433-23085828d-step3"",""20240722-740281-23085828d-step4"",""20240722-426830-23085828d-step5"",""20240722-625398-23085828d-step6"",""20240722-391050-23085828d-step7""]",23085828d,52355-SY,[1]
,669dd8ebfd02f933be6aca57,HTI,,,BA(Hons)AASSM,,,1721620715966,,,11111111d,ABCT1103,
,669dd9f2fd02f933be6aca58,HTI,2024-07-22T04:05:24.791Z,,BA(Hons)AASSM,"[{""timestamp"":1721621042486,""datestring"":""22/7/2024 下午12:04:02""},{""timestamp"":1721621055730,""datestring"":""22/7/2024 下午12:04:15""},{""timestamp"":1721621069742,""datestring"":""22/7/2024 下午12:04:29""},{""timestamp"":1721621083413,""datestring"":""22/7/2024 下午12:04:43""},{""timestamp"":1721621097139,""datestring"":""22/7/2024 下午12:04:57""},{""timestamp"":1721621111077,""datestring"":""22/7/2024 下午12:05:11""},{""timestamp"":1721621124703,""datestring"":""22/7/2024 下午12:05:24""}]",,1721620978709,"[{""Step"":""PERFECT""},{""Step"":""PERFECT""},{""Step"":""FAIL""},{""Step"":""GOOD""},{""Step"":""FAIL""},{""Step"":""PERFECT""},{""Step"":""FAIL""}]","[""20240722-909134-11111111d-step1"",""20240722-657132-11111111d-step2"",""20240722-897706-11111111d-step3"",""20240722-471940-11111111d-step4"",""20240722-542578-11111111d-step5"",""20240722-246467-11111111d-step6"",""20240722-971958-11111111d-step7""]",11111111d,ABCT1103,[3.5]
,66a733b28e07e237c81318b2,SO,2024-07-29T06:19:56.141Z,,BA(Hons)SW,"[{""timestamp"":1722233855645,""datestring"":""29/7/2024 下午2:17:35""},{""timestamp"":1722233881489,""datestring"":""29/7/2024 下午2:18:01""},{""timestamp"":1722233906201,""datestring"":""29/7/2024 下午2:18:26""},{""timestamp"":1722233933433,""datestring"":""29/7/2024 下午2:18:53""},{""timestamp"":1722233955010,""datestring"":""29/7/2024 下午2:19:15""},{""timestamp"":1722233973769,""datestring"":""29/7/2024 下午2:19:33""},{""timestamp"":1722233996059,""datestring"":""29/7/2024 下午2:19:56""}]",,1722233776401,"[{""Step"":""PERFECT""},{""Step"":""PERFECT""},{""Step"":""FAIL""},{""Step"":""FAIL""},{""Step"":""GOOD""},{""Step"":""PERFECT""},{""Step"":""GOOD""}]","[""20240729-130879-11111111g-step1"",""20240729-129430-11111111g-step2"",""20240729-705395-11111111g-step3"",""20240729-799235-11111111g-step4"",""20240729-491413-11111111g-step5"",""20240729-768402-11111111g-step6"",""20240729-248985-11111111g-step7""]",11111111g,52355-SY,[4]
,66a734ac8e07e237c81318b3,HTI,2024-07-29T06:24:07.389Z,,BA(Hons)SW,"[{""timestamp"":1722234087279,""datestring"":""29/7/2024 下午2:21:27""},{""timestamp"":1722234111991,""datestring"":""29/7/2024 下午2:21:51""},{""timestamp"":1722234145558,""datestring"":""29/7/2024 下午2:22:25""},{""timestamp"":1722234176837,""datestring"":""29/7/2024 下午2:22:56""},{""timestamp"":1722234204787,""datestring"":""29/7/2024 下午2:23:24""},{""timestamp"":1722234225688,""datestring"":""29/7/2024 下午2:23:45""},{""timestamp"":1722234247307,""datestring"":""29/7/2024 下午2:24:07""}]",,1722234028282,"[{""Step"":""PERFECT""},{""Step"":""PERFECT""},{""Step"":""FAIL""},{""Step"":""FAIL""},{""Step"":""FAIL""},{""Step"":""PERFECT""},{""Step"":""PERFECT""}]","[""20240729-309241-11111111g-step1"",""20240729-397384-11111111g-step2"",""20240729-789532-11111111g-step3"",""20240729-438602-11111111g-step4"",""20240729-429290-11111111g-step5"",""20240729-473629-11111111g-step6"",""20240729-647975-11111111g-step7""]",11111111g,ABCT1103,[4]
,66a735bf8e07e237c81318b4,HTI,2024-07-29T06:26:41.750Z,,BA(Hons)SW,"[{""timestamp"":1722234331153,""datestring"":""29/7/2024 下午2:25:31""},{""timestamp"":1722234342988,""datestring"":""29/7/2024 下午2:25:42""},{""timestamp"":1722234355505,""datestring"":""29/7/2024 下午2:25:55""},{""timestamp"":1722234367008,""datestring"":""29/7/2024 下午2:26:07""},{""timestamp"":1722234378309,""datestring"":""29/7/2024 下午2:26:18""},{""timestamp"":1722234390116,""datestring"":""29/7/2024 下午2:26:30""},{""timestamp"":1722234401669,""datestring"":""29/7/2024 下午2:26:41""}]",,1722234303405,"[{""Step"":""PERFECT""},{""Step"":""FAIL""},{""Step"":""FAIL""},{""Step"":""FAIL""},{""Step"":""GOOD""},{""Step"":""PERFECT""},{""Step"":""FAIL""}]","[""20240729-775853-11111111g-step1"",""20240729-592407-11111111g-step2"",""20240729-269668-11111111g-step3"",""20240729-237889-11111111g-step4"",""20240729-234959-11111111g-step5"",""20240729-283956-11111111g-step6"",""20240729-321216-11111111g-step7""]",11111111g,ABCT1103,[2.5]
,66a736468e07e237c81318b5,HTI,2024-07-29T06:29:01.954Z,,BA(Hons)AASSM,"[{""timestamp"":1722234464985,""datestring"":""29/7/2024 下午2:27:44""},{""timestamp"":1722234482698,""datestring"":""29/7/2024 下午2:28:02""},{""timestamp"":1722234494656,""datestring"":""29/7/2024 下午2:28:14""},{""timestamp"":1722234506079,""datestring"":""29/7/2024 下午2:28:26""},{""timestamp"":1722234518083,""datestring"":""29/7/2024 下午2:28:38""},{""timestamp"":1722234529502,""datestring"":""29/7/2024 下午2:28:49""},{""timestamp"":1722234541872,""datestring"":""29/7/2024 下午2:29:01""}]",,1722234438594,"[{""Step"":""GOOD""},{""Step"":""PERFECT""},{""Step"":""FAIL""},{""Step"":""FAIL""},{""Step"":""FAIL""},{""Step"":""PERFECT""},{""Step"":""FAIL""}]","[""20240729-158810-11111111g-step1"",""20240729-545476-11111111g-step2"",""20240729-627110-11111111g-step3"",""20240729-880596-11111111g-step4"",""20240729-916891-11111111g-step5"",""20240729-188392-11111111g-step6"",""20240729-934985-11111111g-step7""]",11111111g,ABCT1103,[2.5]
,66a736c78e07e237c81318b6,HTI,2024-07-29T06:33:54.239Z,,BA(Hons)SW,"[{""timestamp"":1722234624801,""datestring"":""29/7/2024 下午2:30:24""},{""timestamp"":1722234652676,""datestring"":""29/7/2024 下午2:30:52""},{""timestamp"":1722234692240,""datestring"":""29/7/2024 下午2:31:32""},{""timestamp"":1722234722356,""datestring"":""29/7/2024 下午2:32:02""},{""timestamp"":1722234750940,""datestring"":""29/7/2024 下午2:32:30""},{""timestamp"":1722234801485,""datestring"":""29/7/2024 下午2:33:21""},{""timestamp"":1722234834137,""datestring"":""29/7/2024 下午2:33:54""}]",,1722234567939,"[{""Step"":""PERFECT""},{""Step"":""FAIL""},{""Step"":""FAIL""},{""Step"":""FAIL""},{""Step"":""PERFECT""},{""Step"":""FAIL""},{""Step"":""FAIL""}]","[""20240729-459318-11111111g-step1"",""20240729-840252-11111111g-step2"",""20240729-309239-11111111g-step3"",""20240729-909778-11111111g-step4"",""20240729-341820-11111111g-step5"",""20240729-244443-11111111g-step6"",""20240729-649015-11111111g-step7""]",11111111g,ABCT1103,[2]
,66a737ec8e07e237c81318b7,SO,2024-07-29T06:36:52.791Z,,BA(Hons)SW,"[{""timestamp"":1722234939701,""datestring"":""29/7/2024 下午2:35:39""},{""timestamp"":1722234951761,""datestring"":""29/7/2024 下午2:35:51""},{""timestamp"":1722234963918,""datestring"":""29/7/2024 下午2:36:03""},{""timestamp"":1722234976142,""datestring"":""29/7/2024 下午2:36:16""},{""timestamp"":1722234987728,""datestring"":""29/7/2024 下午2:36:27""},{""timestamp"":1722235000266,""datestring"":""29/7/2024 下午2:36:40""},{""timestamp"":1722235012710,""datestring"":""29/7/2024 下午2:36:52""}]",,1722234860702,"[{""Step"":""PERFECT""},{""Step"":""FAIL""},{""Step"":""PERFECT""},{""Step"":""FAIL""},{""Step"":""FAIL""},{""Step"":""PERFECT""},{""Step"":""FAIL""}]","[""20240729-601615-11111111g-step1"",""20240729-501644-11111111g-step2"",""20240729-556342-11111111g-step3"",""20240729-382189-11111111g-step4"",""20240729-352614-11111111g-step5"",""20240729-852135-11111111g-step6"",""20240729-390161-11111111g-step7""]",11111111g,52355-SY,[3]
,66a738a08e07e237c81318b8,SN,2024-07-29T06:38:54.742Z,,BA(Hons)SW,"[{""timestamp"":1722235063133,""datestring"":""29/7/2024 下午2:37:43""},{""timestamp"":1722235074827,""datestring"":""29/7/2024 下午2:37:54""},{""timestamp"":1722235086831,""datestring"":""29/7/2024 下午2:38:06""},{""timestamp"":1722235098733,""datestring"":""29/7/2024 下午2:38:18""},{""timestamp"":1722235110582,""datestring"":""29/7/2024 下午2:38:30""},{""timestamp"":1722235122482,""datestring"":""29/7/2024 下午2:38:42""},{""timestamp"":1722235134661,""datestring"":""29/7/2024 下午2:38:54""}]",,1722235040755,"[{""Step"":""PERFECT""},{""Step"":""PERFECT""},{""Step"":""FAIL""},{""Step"":""GOOD""},{""Step"":""FAIL""},{""Step"":""PERFECT""},{""Step"":""FAIL""}]","[""20240729-949171-11111111g-step1"",""20240729-289395-11111111g-step2"",""20240729-562604-11111111g-step3"",""20240729-680371-11111111g-step4"",""20240729-958653-11111111g-step5"",""20240729-176453-11111111g-step6"",""20240729-996112-11111111g-step7""]",11111111g,52355-SY,[3.5]
,66a739168e07e237c81318b9,HTI,2024-07-29T06:40:52.508Z,,BA(Hons)SW,"[{""timestamp"":1722235180723,""datestring"":""29/7/2024 下午2:39:40""},{""timestamp"":1722235193154,""datestring"":""29/7/2024 下午2:39:53""},{""timestamp"":1722235204818,""datestring"":""29/7/2024 下午2:40:04""},{""timestamp"":1722235216425,""datestring"":""29/7/2024 下午2:40:16""},{""timestamp"":1722235228307,""datestring"":""29/7/2024 下午2:40:28""},{""timestamp"":1722235240236,""datestring"":""29/7/2024 下午2:40:40""},{""timestamp"":1722235252427,""datestring"":""29/7/2024 下午2:40:52""}]",,1722235158783,"[{""Step"":""PERFECT""},{""Step"":""FAIL""},{""Step"":""PERFECT""},{""Step"":""FAIL""},{""Step"":""FAIL""},{""Step"":""FAIL""},{""Step"":""FAIL""}]","[""20240729-176122-11111111g-step1"",""20240729-959600-11111111g-step2"",""20240729-962167-11111111g-step3"",""20240729-831848-11111111g-step4"",""20240729-335077-11111111g-step5"",""20240729-114063-11111111g-step6"",""20240729-701368-11111111g-step7""]",11111111g,ABCT1103,[2]
,66a739928e07e237c81318ba,ABCT,2024-07-29T06:42:59.254Z,,BA(Hons)SW,"[{""timestamp"":1722235303711,""datestring"":""29/7/2024 下午2:41:43""},{""timestamp"":1722235315399,""datestring"":""29/7/2024 下午2:41:55""},{""timestamp"":1722235327357,""datestring"":""29/7/2024 下午2:42:07""},{""timestamp"":1722235339793,""datestring"":""29/7/2024 下午2:42:19""},{""timestamp"":1722235352760,""datestring"":""29/7/2024 下午2:42:32""},{""timestamp"":1722235365393,""datestring"":""29/7/2024 下午2:42:45""},{""timestamp"":1722235379173,""datestring"":""29/7/2024 下午2:42:59""}]",,1722235282090,"[{""Step"":""FAIL""},{""Step"":""PERFECT""},{""Step"":""GOOD""},{""Step"":""FAIL""},{""Step"":""PERFECT""},{""Step"":""PERFECT""},{""Step"":""PERFECT""}]","[""20240729-316932-11111111g-step1"",""20240729-125675-11111111g-step2"",""20240729-975919-11111111g-step3"",""20240729-750350-11111111g-step4"",""20240729-293317-11111111g-step5"",""20240729-603395-11111111g-step6"",""20240729-201961-11111111g-step7""]",11111111g,ABCT1103,[4.5]
,66a73a0b8e07e237c81318bb,Others,2024-07-29T06:45:02.296Z,,BA(Hons)SW,"[{""timestamp"":1722235426818,""datestring"":""29/7/2024 下午2:43:46""},{""timestamp"":1722235439040,""datestring"":""29/7/2024 下午2:43:59""},{""timestamp"":1722235451159,""datestring"":""29/7/2024 下午2:44:11""},{""timestamp"":1722235463995,""datestring"":""29/7/2024 下午2:44:23""},{""timestamp"":1722235476031,""datestring"":""29/7/2024 下午2:44:36""},{""timestamp"":1722235490037,""datestring"":""29/7/2024 下午2:44:50""},{""timestamp"":1722235502214,""datestring"":""29/7/2024 下午2:45:02""}]",,1722235403950,"[{""Step"":""PERFECT""},{""Step"":""PERFECT""},{""Step"":""FAIL""},{""Step"":""FAIL""},{""Step"":""PERFECT""},{""Step"":""PERFECT""},{""Step"":""FAIL""}]","[""20240729-802254-11111111g-step1"",""20240729-186219-11111111g-step2"",""20240729-540728-11111111g-step3"",""20240729-360676-11111111g-step4"",""20240729-314972-11111111g-step5"",""20240729-535938-11111111g-step6"",""20240729-181341-11111111g-step7""]",11111111g,SO4013,[4]
,66a73a8e8e07e237c81318bc,HTI,2024-07-29T06:47:08.563Z,,BA(Hons)SW,"[{""timestamp"":1722235556064,""datestring"":""29/7/2024 下午2:45:56""},{""timestamp"":1722235568476,""datestring"":""29/7/2024 下午2:46:08""},{""timestamp"":1722235580504,""datestring"":""29/7/2024 下午2:46:20""},{""timestamp"":1722235592572,""datestring"":""29/7/2024 下午2:46:32""},{""timestamp"":1722235604389,""datestring"":""29/7/2024 下午2:46:44""},{""timestamp"":1722235616713,""datestring"":""29/7/2024 下午2:46:56""},{""timestamp"":1722235628482,""datestring"":""29/7/2024 下午2:47:08""}]",,1722235534189,"[{""Step"":""PERFECT""},{""Step"":""GOOD""},{""Step"":""FAIL""},{""Step"":""FAIL""},{""Step"":""PERFECT""},{""Step"":""PERFECT""},{""Step"":""GOOD""}]","[""20240729-561981-11111111g-step1"",""20240729-241682-11111111g-step2"",""20240729-201306-11111111g-step3"",""20240729-484985-11111111g-step4"",""20240729-250320-11111111g-step5"",""20240729-297807-11111111g-step6"",""20240729-896869-11111111g-step7""]",11111111g,SO4013,[4]
,66a73b058e07e237c81318bd,SO,2024-07-29T06:49:17.999Z,,BA(Hons)AASSM,"[{""timestamp"":1722235680344,""datestring"":""29/7/2024 下午2:48:00""},{""timestamp"":1722235693334,""datestring"":""29/7/2024 下午2:48:13""},{""timestamp"":1722235706186,""datestring"":""29/7/2024 下午2:48:26""},{""timestamp"":1722235718722,""datestring"":""29/7/2024 下午2:48:38""},{""timestamp"":1722235731768,""datestring"":""29/7/2024 下午2:48:51""},{""timestamp"":1722235744835,""datestring"":""29/7/2024 下午2:49:04""},{""timestamp"":1722235757917,""datestring"":""29/7/2024 下午2:49:17""}]",,1722235653157,"[{""Step"":""PERFECT""},{""Step"":""FAIL""},{""Step"":""FAIL""},{""Step"":""FAIL""},{""Step"":""PERFECT""},{""Step"":""FAIL""},{""Step"":""FAIL""}]","[""20240729-473612-11111111g-step1"",""20240729-990734-11111111g-step2"",""20240729-861649-11111111g-step3"",""20240729-665805-11111111g-step4"",""20240729-330650-11111111g-step5"",""20240729-349109-11111111g-step6"",""20240729-813964-11111111g-step7""]",11111111g,ABCT1103,[2]
,66a73b898e07e237c81318be,ABCT,2024-07-29T06:51:32.055Z,,BA(Hons)AASSM,"[{""timestamp"":1722235813120,""datestring"":""29/7/2024 下午2:50:13""},{""timestamp"":1722235826282,""datestring"":""29/7/2024 下午2:50:26""},{""timestamp"":1722235839647,""datestring"":""29/7/2024 下午2:50:39""},{""timestamp"":1722235853043,""datestring"":""29/7/2024 下午2:50:53""},{""timestamp"":1722235865714,""datestring"":""29/7/2024 下午2:51:05""},{""timestamp"":1722235878660,""datestring"":""29/7/2024 下午2:51:18""},{""timestamp"":1722235891974,""datestring"":""29/7/2024 下午2:51:31""}]",,1722235785997,"[{""Step"":""PERFECT""},{""Step"":""FAIL""},{""Step"":""FAIL""},{""Step"":""FAIL""},{""Step"":""GOOD""},{""Step"":""PERFECT""},{""Step"":""GOOD""}]","[""20240729-333428-11111111g-step1"",""20240729-601128-11111111g-step2"",""20240729-446496-11111111g-step3"",""20240729-320697-11111111g-step4"",""20240729-348785-11111111g-step5"",""20240729-622645-11111111g-step6"",""20240729-912474-11111111g-step7""]",11111111g,SO4013,[3]
,66a73c0d8e07e237c81318bf,HTI,2024-07-29T06:53:42.311Z,,BA(Hons)SW,"[{""timestamp"":1722235940412,""datestring"":""29/7/2024 下午2:52:20""},{""timestamp"":1722235953763,""datestring"":""29/7/2024 下午2:52:33""},{""timestamp"":1722235967424,""datestring"":""29/7/2024 下午2:52:47""},{""timestamp"":1722235980949,""datestring"":""29/7/2024 下午2:53:00""},{""timestamp"":1722235994122,""datestring"":""29/7/2024 下午2:53:14""},{""timestamp"":1722236007616,""datestring"":""29/7/2024 下午2:53:27""},{""timestamp"":1722236022227,""datestring"":""29/7/2024 下午2:53:42""}]",,1722235917700,"[{""Step"":""PERFECT""},{""Step"":""FAIL""},{""Step"":""PERFECT""},{""Step"":""FAIL""},{""Step"":""GOOD""},{""Step"":""PERFECT""},{""Step"":""FAIL""}]","[""20240729-883761-11111111g-step1"",""20240729-104118-11111111g-step2"",""20240729-875265-11111111g-step3"",""20240729-761534-11111111g-step4"",""20240729-648501-11111111g-step5"",""20240729-551720-11111111g-step6"",""20240729-543649-11111111g-step7""]",11111111g,ABCT1103,[3.5]
,66a73cd98e07e237c81318c0,SO,2024-07-29T06:57:02.785Z,,BA(Hons)AASSM,"[{""timestamp"":1722236144133,""datestring"":""29/7/2024 下午2:55:44""},{""timestamp"":1722236155519,""datestring"":""29/7/2024 下午2:55:55""},{""timestamp"":1722236169200,""datestring"":""29/7/2024 下午2:56:09""},{""timestamp"":1722236182097,""datestring"":""29/7/2024 下午2:56:22""},{""timestamp"":1722236196107,""datestring"":""29/7/2024 下午2:56:36""},{""timestamp"":1722236208659,""datestring"":""29/7/2024 下午2:56:48""},{""timestamp"":1722236222704,""datestring"":""29/7/2024 下午2:57:02""}]",,1722236121176,"[{""Step"":""PERFECT""},{""Step"":""FAIL""},{""Step"":""FAIL""},{""Step"":""FAIL""},{""Step"":""FAIL""},{""Step"":""PERFECT""},{""Step"":""FAIL""}]","[""20240729-499322-11111111g-step1"",""20240729-655387-11111111g-step2"",""20240729-607226-11111111g-step3"",""20240729-851590-11111111g-step4"",""20240729-492974-11111111g-step5"",""20240729-401982-11111111g-step6"",""20240729-666910-11111111g-step7""]",11111111g,ABCT1103,[2]
,66a73d558e07e237c81318c1,ABCT,2024-07-29T06:58:55.932Z,,BA(Hons)SW,"[{""timestamp"":1722236267443,""datestring"":""29/7/2024 下午2:57:47""},{""timestamp"":1722236278925,""datestring"":""29/7/2024 下午2:57:58""},{""timestamp"":1722236290307,""datestring"":""29/7/2024 下午2:58:10""},{""timestamp"":1722236301618,""datestring"":""29/7/2024 下午2:58:21""},{""timestamp"":1722236312882,""datestring"":""29/7/2024 下午2:58:32""},{""timestamp"":1722236324319,""datestring"":""29/7/2024 下午2:58:44""},{""timestamp"":1722236335851,""datestring"":""29/7/2024 下午2:58:55""}]",,1722236245404,"[{""Step"":""PERFECT""},{""Step"":""FAIL""},{""Step"":""PERFECT""},{""Step"":""FAIL""},{""Step"":""FAIL""},{""Step"":""PERFECT""},{""Step"":""FAIL""}]","[""20240729-590578-11111111g-step1"",""20240729-726711-11111111g-step2"",""20240729-138465-11111111g-step3"",""20240729-617928-11111111g-step4"",""20240729-159677-11111111g-step5"",""20240729-473358-11111111g-step6"",""20240729-979401-11111111g-step7""]",11111111g,SO4013,[3]
,66a73dc58e07e237c81318c2,HTI,2024-07-29T07:01:14.151Z,,BA(Hons)AASSM,"[{""timestamp"":1722236404692,""datestring"":""29/7/2024 下午3:00:04""},{""timestamp"":1722236415933,""datestring"":""29/7/2024 下午3:00:15""},{""timestamp"":1722236427487,""datestring"":""29/7/2024 下午3:00:27""},{""timestamp"":1722236438982,""datestring"":""29/7/2024 下午3:00:38""},{""timestamp"":1722236450645,""datestring"":""29/7/2024 下午3:00:50""},{""timestamp"":1722236462303,""datestring"":""29/7/2024 下午3:01:02""},{""timestamp"":1722236474069,""datestring"":""29/7/2024 下午3:01:14""}]",,1722236357911,"[{""Step"":""FAIL""},{""Step"":""GOOD""},{""Step"":""FAIL""},{""Step"":""PERFECT""},{""Step"":""FAIL""},{""Step"":""PERFECT""},{""Step"":""FAIL""}]","[""20240729-418664-11111111g-step1"",""20240729-495038-11111111g-step2"",""20240729-795786-11111111g-step3"",""20240729-891896-11111111g-step4"",""20240729-483198-11111111g-step5"",""20240729-436668-11111111g-step6"",""20240729-685090-11111111g-step7""]",11111111g,SO4013,[2.5]
,66a742218e07e237c81318c3,ABCT,2024-07-29T07:19:35.962Z,,BA(Hons)AASSM,"[{""timestamp"":1722237506014,""datestring"":""29/7/2024 下午3:18:26""},{""timestamp"":1722237517826,""datestring"":""29/7/2024 下午3:18:37""},{""timestamp"":1722237529767,""datestring"":""29/7/2024 下午3:18:49""},{""timestamp"":1722237541119,""datestring"":""29/7/2024 下午3:19:01""},{""timestamp"":1722237552430,""datestring"":""29/7/2024 下午3:19:12""},{""timestamp"":1722237564148,""datestring"":""29/7/2024 下午3:19:24""},{""timestamp"":1722237575881,""datestring"":""29/7/2024 下午3:19:35""}]",,1722237473764,"[{""Step"":""PERFECT""},{""Step"":""FAIL""},{""Step"":""FAIL""},{""Step"":""GOOD""},{""Step"":""FAIL""},{""Step"":""PERFECT""},{""Step"":""FAIL""}]","[""20240729-646146-11111111g-step1"",""20240729-644527-11111111g-step2"",""20240729-220444-11111111g-step3"",""20240729-349872-11111111g-step4"",""20240729-996648-11111111g-step5"",""20240729-238222-11111111g-step6"",""20240729-725908-11111111g-step7""]",11111111g,ABCT1103,[2.5]
,66a742a98e07e237c81318c4,SO,2024-07-29T07:21:47.717Z,,BA(Hons)SW,"[{""timestamp"":1722237637997,""datestring"":""29/7/2024 下午3:20:37""},{""timestamp"":1722237649939,""datestring"":""29/7/2024 下午3:20:49""},{""timestamp"":1722237661589,""datestring"":""29/7/2024 下午3:21:01""},{""timestamp"":1722237673261,""datestring"":""29/7/2024 下午3:21:13""},{""timestamp"":1722237684583,""datestring"":""29/7/2024 下午3:21:24""},{""timestamp"":1722237695977,""datestring"":""29/7/2024 下午3:21:35""},{""timestamp"":1722237707634,""datestring"":""29/7/2024 下午3:21:47""}]",,1722237609447,"[{""Step"":""PERFECT""},{""Step"":""PERFECT""},{""Step"":""FAIL""},{""Step"":""PERFECT""},{""Step"":""PERFECT""},{""Step"":""PERFECT""},{""Step"":""FAIL""}]","[""20240729-900200-11111111g-step1"",""20240729-358882-11111111g-step2"",""20240729-233431-11111111g-step3"",""20240729-469283-11111111g-step4"",""20240729-752151-11111111g-step5"",""20240729-288620-11111111g-step6"",""20240729-501526-11111111g-step7""]",11111111g,ABCT1103,[5]
,66a743278e07e237c81318c5,ABCT,2024-07-29T07:25:09.926Z,,BA(Hons)SW,"[{""timestamp"":1722237839972,""datestring"":""29/7/2024 下午3:23:59""},{""timestamp"":1722237851541,""datestring"":""29/7/2024 下午3:24:11""},{""timestamp"":1722237863699,""datestring"":""29/7/2024 下午3:24:23""},{""timestamp"":1722237875269,""datestring"":""29/7/2024 下午3:24:35""},{""timestamp"":1722237886714,""datestring"":""29/7/2024 下午3:24:46""},{""timestamp"":1722237898378,""datestring"":""29/7/2024 下午3:24:58""},{""timestamp"":1722237909845,""datestring"":""29/7/2024 下午3:25:09""}]",,1722237735109,"[{""Step"":""PERFECT""},{""Step"":""PERFECT""},{""Step"":""GOOD""},{""Step"":""PERFECT""},{""Step"":""PERFECT""},{""Step"":""PERFECT""},{""Step"":""FAIL""}]","[""20240729-475011-11111111g-step1"",""20240729-431353-11111111g-step2"",""20240729-668725-11111111g-step3"",""20240729-853361-11111111g-step4"",""20240729-105042-11111111g-step5"",""20240729-137645-11111111g-step6"",""20240729-650962-11111111g-step7""]",11111111g,ABCT1103,[5.5]
,66a743fa8e07e237c81318c6,SO,2024-07-29T07:27:23.749Z,,BA(Hons)SW,"[{""timestamp"":1722237971395,""datestring"":""29/7/2024 下午3:26:11""},{""timestamp"":1722237982791,""datestring"":""29/7/2024 下午3:26:22""},{""timestamp"":1722237994523,""datestring"":""29/7/2024 下午3:26:34""},{""timestamp"":1722238006265,""datestring"":""29/7/2024 下午3:26:46""},{""timestamp"":1722238020135,""datestring"":""29/7/2024 下午3:27:00""},{""timestamp"":1722238031947,""datestring"":""29/7/2024 下午3:27:11""},{""timestamp"":1722238043668,""datestring"":""29/7/2024 下午3:27:23""}]",,1722237946936,"[{""Step"":""PERFECT""},{""Step"":""PERFECT""},{""Step"":""FAIL""},{""Step"":""FAIL""},{""Step"":""FAIL""},{""Step"":""PERFECT""},{""Step"":""PERFECT""}]","[""20240729-377863-11111111g-step1"",""20240729-524669-11111111g-step2"",""20240729-647178-11111111g-step3"",""20240729-360359-11111111g-step4"",""20240729-659335-11111111g-step5"",""20240729-940232-11111111g-step6"",""20240729-776761-11111111g-step7""]",11111111g,ABCT1103,[4]
,66a7447b8e07e237c81318c7,HTI,2024-07-29T07:29:50.231Z,,BA(Hons)AASSM,"[{""timestamp"":1722238107655,""datestring"":""29/7/2024 下午3:28:27""},{""timestamp"":1722238120297,""datestring"":""29/7/2024 下午3:28:40""},{""timestamp"":1722238134396,""datestring"":""29/7/2024 下午3:28:54""},{""timestamp"":1722238147862,""datestring"":""29/7/2024 下午3:29:07""},{""timestamp"":1722238160947,""datestring"":""29/7/2024 下午3:29:20""},{""timestamp"":1722238176712,""datestring"":""29/7/2024 下午3:29:36""},{""timestamp"":1722238190150,""datestring"":""29/7/2024 下午3:29:50""}]",,1722238075571,"[{""Step"":""PERFECT""},{""Step"":""PERFECT""},{""Step"":""PERFECT""},{""Step"":""FAIL""},{""Step"":""FAIL""},{""Step"":""PERFECT""},{""Step"":""FAIL""}]","[""20240729-692656-11111111g-step1"",""20240729-469094-11111111g-step2"",""20240729-143526-11111111g-step3"",""20240729-396841-11111111g-step4"",""20240729-429328-11111111g-step5"",""20240729-254714-11111111g-step6"",""20240729-958157-11111111g-step7""]",11111111g,SO4013,[4]
,66a894a28e07e237c81318c8,HTI,2024-07-30T07:24:06.220Z,,BA(Hons)SW,"[{""timestamp"":1722324175690,""datestring"":""30/7/2024 下午3:22:55""},{""timestamp"":1722324187360,""datestring"":""30/7/2024 下午3:23:07""},{""timestamp"":1722324199022,""datestring"":""30/7/2024 下午3:23:19""},{""timestamp"":1722324210810,""datestring"":""30/7/2024 下午3:23:30""},{""timestamp"":1722324222686,""datestring"":""30/7/2024 下午3:23:42""},{""timestamp"":1722324234263,""datestring"":""30/7/2024 下午3:23:54""},{""timestamp"":1722324246131,""datestring"":""30/7/2024 下午3:24:06""}]",,1722324130310,"[{""Step"":""FAIL""},{""Step"":""FAIL""},{""Step"":""FAIL""},{""Step"":""FAIL""},{""Step"":""FAIL""},{""Step"":""FAIL""},{""Step"":""FAIL""}]","[""20240730-176053-11111111g-step1"",""20240730-612437-11111111g-step2"",""20240730-225737-11111111g-step3"",""20240730-322606-11111111g-step4"",""20240730-786790-11111111g-step5"",""20240730-825382-11111111g-step6"",""20240730-641576-11111111g-step7""]",11111111g,ABCT1103,[0]
,66a897bc8e07e237c81318c9,ABCT,2024-07-30T07:37:32.914Z,,BA(Hons)ASS (SW/SPSE),"[{""timestamp"":1722324982670,""datestring"":""30/7/2024 下午3:36:22""},{""timestamp"":1722324994348,""datestring"":""30/7/2024 下午3:36:34""},{""timestamp"":1722325005817,""datestring"":""30/7/2024 下午3:36:45""},{""timestamp"":1722325017914,""datestring"":""30/7/2024 下午3:36:57""},{""timestamp"":1722325029364,""datestring"":""30/7/2024 下午3:37:09""},{""timestamp"":1722325040945,""datestring"":""30/7/2024 下午3:37:20""},{""timestamp"":1722325052817,""datestring"":""30/7/2024 下午3:37:32""}]",,1722324924137,"[{""Step"":""FAIL""},{""Step"":""FAIL""},{""Step"":""FAIL""},{""Step"":""FAIL""},{""Step"":""FAIL""},{""Step"":""FAIL""},{""Step"":""FAIL""}]","[""20240730-318607-11111111g-step1"",""20240730-101384-11111111g-step2"",""20240730-699685-11111111g-step3"",""20240730-562597-11111111g-step4"",""20240730-694348-11111111g-step5"",""20240730-150432-11111111g-step6"",""20240730-482664-11111111g-step7""]",11111111g,ABCT1103,[0]
,66a898548e07e237c81318ca,SO,2024-07-30T07:39:36.401Z,,BA(Hons)SW,"[{""timestamp"":1722325106189,""datestring"":""30/7/2024 下午3:38:26""},{""timestamp"":1722325117835,""datestring"":""30/7/2024 下午3:38:37""},{""timestamp"":1722325129316,""datestring"":""30/7/2024 下午3:38:49""},{""timestamp"":1722325141016,""datestring"":""30/7/2024 下午3:39:01""},{""timestamp"":1722325152979,""datestring"":""30/7/2024 下午3:39:12""},{""timestamp"":1722325164741,""datestring"":""30/7/2024 下午3:39:24""},{""timestamp"":1722325176304,""datestring"":""30/7/2024 下午3:39:36""}]",,1722325076514,"[{""Step"":""FAIL""},{""Step"":""FAIL""},{""Step"":""FAIL""},{""Step"":""FAIL""},{""Step"":""FAIL""},{""Step"":""FAIL""},{""Step"":""FAIL""}]","[""20240730-468909-11111111g-step1"",""20240730-704320-11111111g-step2"",""20240730-934433-11111111g-step3"",""20240730-693977-11111111g-step4"",""20240730-382607-11111111g-step5"",""20240730-373455-11111111g-step6"",""20240730-452099-11111111g-step7""]",11111111g,52355-SY,[0]
,66a89a6a8e07e237c81318cb,ABCT,2024-07-30T07:48:57.967Z,,BA(Hons)SW,"[{""timestamp"":1722325648832,""datestring"":""30/7/2024 下午3:47:28""},{""timestamp"":1722325662850,""datestring"":""30/7/2024 下午3:47:42""},{""timestamp"":1722325678023,""datestring"":""30/7/2024 下午3:47:58""},{""timestamp"":1722325691224,""datestring"":""30/7/2024 下午3:48:11""},{""timestamp"":1722325706675,""datestring"":""30/7/2024 下午3:48:26""},{""timestamp"":1722325720482,""datestring"":""30/7/2024 下午3:48:40""},{""timestamp"":1722325737871,""datestring"":""30/7/2024 下午3:48:57""}]",,1722325610506,"[{""Step"":""FAIL""},{""Step"":""FAIL""},{""Step"":""FAIL""},{""Step"":""FAIL""},{""Step"":""FAIL""},{""Step"":""FAIL""},{""Step"":""FAIL""}]","[""20240730-615944-11111111g-step1"",""20240730-464674-11111111g-step2"",""20240730-185873-11111111g-step3"",""20240730-312992-11111111g-step4"",""20240730-136341-11111111g-step5"",""20240730-938332-11111111g-step6"",""20240730-697642-11111111g-step7""]",11111111g,ABCT1103,[0]
,66a89c138e07e237c81318cc,HTI,2024-07-30T07:57:27.195Z,,BA(Hons)SW,"[{""timestamp"":1722326067761,""datestring"":""30/7/2024 下午3:54:27""},{""timestamp"":1722326086686,""datestring"":""30/7/2024 下午3:54:46""},{""timestamp"":1722326113592,""datestring"":""30/7/2024 下午3:55:13""},{""timestamp"":1722326129073,""datestring"":""30/7/2024 下午3:55:29""},{""timestamp"":1722326151076,""datestring"":""30/7/2024 下午3:55:51""},{""timestamp"":1722326234256,""datestring"":""30/7/2024 下午3:57:14""},{""timestamp"":1722326247106,""datestring"":""30/7/2024 下午3:57:27""}]",,1722326035176,"[{""Step"":""FAIL""},{""Step"":""FAIL""},{""Step"":""FAIL""},{""Step"":""FAIL""},{""Step"":""FAIL""},{""Step"":""FAIL""},{""Step"":""FAIL""}]","[""20240730-168739-11111111g-step1"",""20240730-379009-11111111g-step2"",""20240730-812579-11111111g-step3"",""20240730-507537-11111111g-step4"",""20240730-230585-11111111g-step5"",""20240730-271913-11111111g-step6"",""20240730-333242-11111111g-step7""]",11111111g,ABCT1103,[0]
,66a89e298e07e237c81318cd,SO,2024-07-30T08:04:21.868Z,,BA(Hons)SPSE,"[{""timestamp"":1722326593714,""datestring"":""30/7/2024 下午4:03:13""},{""timestamp"":1722326604924,""datestring"":""30/7/2024 下午4:03:24""},{""timestamp"":1722326616180,""datestring"":""30/7/2024 下午4:03:36""},{""timestamp"":1722326627488,""datestring"":""30/7/2024 下午4:03:47""},{""timestamp"":1722326638934,""datestring"":""30/7/2024 下午4:03:58""},{""timestamp"":1722326650439,""datestring"":""30/7/2024 下午4:04:10""},{""timestamp"":1722326661779,""datestring"":""30/7/2024 下午4:04:21""}]",,1722326569130,"[{""Step"":""PERFECT""},{""Step"":""FAIL""},{""Step"":""FAIL""},{""Step"":""FAIL""},{""Step"":""FAIL""},{""Step"":""PERFECT""},{""Step"":""FAIL""}]","[""20240730-736361-11111111g-step1"",""20240730-998968-11111111g-step2"",""20240730-347390-11111111g-step3"",""20240730-622203-11111111g-step4"",""20240730-211183-11111111g-step5"",""20240730-931661-11111111g-step6"",""20240730-804839-11111111g-step7""]",11111111g,JS3337,[2]
,66a8a3378e07e237c81318ce,ABCT,2024-07-30T08:26:19.255Z,,BA(Hons)SW,"[{""timestamp"":1722327909434,""datestring"":""30/7/2024 下午4:25:09""},{""timestamp"":1722327921162,""datestring"":""30/7/2024 下午4:25:21""},{""timestamp"":1722327933170,""datestring"":""30/7/2024 下午4:25:33""},{""timestamp"":1722327944912,""datestring"":""30/7/2024 下午4:25:44""},{""timestamp"":1722327955968,""datestring"":""30/7/2024 下午4:25:55""},{""timestamp"":1722327967933,""datestring"":""30/7/2024 下午4:26:07""},{""timestamp"":1722327979166,""datestring"":""30/7/2024 下午4:26:19""}]",,1722327863298,"[{""Step"":""FAIL""},{""Step"":""FAIL""},{""Step"":""GOOD""},{""Step"":""GOOD""},{""Step"":""FAIL""},{""Step"":""PERFECT""},{""Step"":""FAIL""}]","[""20240730-978686-11111111g-step1"",""20240730-778542-11111111g-step2"",""20240730-489633-11111111g-step3"",""20240730-851478-11111111g-step4"",""20240730-289504-11111111g-step5"",""20240730-665016-11111111g-step6"",""20240730-703763-11111111g-step7""]",11111111g,ABCT1103,[2]
,66a8a3da8e07e237c81318cf,HTI,2024-07-30T08:28:39.186Z,,BA(Hons)AASSM,"[{""timestamp"":1722328047858,""datestring"":""30/7/2024 下午4:27:27""},{""timestamp"":1722328059798,""datestring"":""30/7/2024 下午4:27:39""},{""timestamp"":1722328071657,""datestring"":""30/7/2024 下午4:27:51""},{""timestamp"":1722328083204,""datestring"":""30/7/2024 下午4:28:03""},{""timestamp"":1722328095197,""datestring"":""30/7/2024 下午4:28:15""},{""timestamp"":1722328107333,""datestring"":""30/7/2024 下午4:28:27""},{""timestamp"":1722328119097,""datestring"":""30/7/2024 下午4:28:39""}]",,1722328026872,"[{""Step"":""PERFECT""},{""Step"":""FAIL""},{""Step"":""FAIL""},{""Step"":""GOOD""},{""Step"":""FAIL""},{""Step"":""PERFECT""},{""Step"":""FAIL""}]","[""20240730-657362-11111111g-step1"",""20240730-224900-11111111g-step2"",""20240730-135827-11111111g-step3"",""20240730-262634-11111111g-step4"",""20240730-907764-11111111g-step5"",""20240730-881451-11111111g-step6"",""20240730-543246-11111111g-step7""]",11111111g,ABCT1103,[2.5]
,66a8a44f8e07e237c81318d0,ABCT,2024-07-30T08:32:30.935Z,,BA(Hons)SW,"[{""timestamp"":1722328167120,""datestring"":""30/7/2024 下午4:29:27""},{""timestamp"":1722328178892,""datestring"":""30/7/2024 下午4:29:38""},{""timestamp"":1722328190306,""datestring"":""30/7/2024 下午4:29:50""},{""timestamp"":1722328201812,""datestring"":""30/7/2024 下午4:30:01""},{""timestamp"":1722328213619,""datestring"":""30/7/2024 下午4:30:13""},{""timestamp"":1722328225798,""datestring"":""30/7/2024 下午4:30:25""},{""timestamp"":1722328237634,""datestring"":""30/7/2024 下午4:30:37""},{""timestamp"":1722328277477,""datestring"":""30/7/2024 下午4:31:17""},{""timestamp"":1722328289376,""datestring"":""30/7/2024 下午4:31:29""},{""timestamp"":1722328301291,""datestring"":""30/7/2024 下午4:31:41""},{""timestamp"":1722328313655,""datestring"":""30/7/2024 下午4:31:53""},{""timestamp"":1722328326272,""datestring"":""30/7/2024 下午4:32:06""},{""timestamp"":1722328338282,""datestring"":""30/7/2024 下午4:32:18""},{""timestamp"":1722328350846,""datestring"":""30/7/2024 下午4:32:30""}]",,1722328143535,"[{""Step"":""PERFECT""},{""Step"":""PERFECT""},{""Step"":""FAIL""},{""Step"":""GOOD""},{""Step"":""PERFECT""},{""Step"":""PERFECT""},{""Step"":""FAIL""},{""Step"":""PERFECT""},{""Step"":""GOOD""},{""Step"":""FAIL""},{""Step"":""FAIL""},{""Step"":""FAIL""},{""Step"":""PERFECT""},{""Step"":""FAIL""}]","[""20240730-301429-11111111g-step1"",""20240730-356964-11111111g-step2"",""20240730-576716-11111111g-step3"",""20240730-478298-11111111g-step4"",""20240730-779460-11111111g-step5"",""20240730-934030-11111111g-step6"",""20240730-406524-11111111g-step7"",""20240730-862684-11111111g-step1"",""20240730-263011-11111111g-step2"",""20240730-879309-11111111g-step3"",""20240730-376229-11111111g-step4"",""20240730-994061-11111111g-step5"",""20240730-173302-11111111g-step6"",""20240730-376312-11111111g-step7""]",11111111g,ABCT1103,"[4.5,2.5]"
,66a8a53e8e07e237c81318d1,HTI,,,BA(Hons)AASSM,,,1722328382750,,,11111111g,SO4013,
,66a8a53f8e07e237c81318d2,HTI,2024-07-30T08:34:43.228Z,,BA(Hons)AASSM,"[{""timestamp"":1722328408732,""datestring"":""30/7/2024 下午4:33:28""},{""timestamp"":1722328420709,""datestring"":""30/7/2024 下午4:33:40""},{""timestamp"":1722328434434,""datestring"":""30/7/2024 下午4:33:54""},{""timestamp"":1722328446454,""datestring"":""30/7/2024 下午4:34:06""},{""timestamp"":1722328458798,""datestring"":""30/7/2024 下午4:34:18""},{""timestamp"":1722328471078,""datestring"":""30/7/2024 下午4:34:31""},{""timestamp"":1722328483139,""datestring"":""30/7/2024 下午4:34:43""}]",,1722328383729,"[{""Step"":""PERFECT""},{""Step"":""PERFECT""},{""Step"":""FAIL""},{""Step"":""GOOD""},{""Step"":""PERFECT""},{""Step"":""PERFECT""},{""Step"":""FAIL""}]","[""20240730-206243-11111111g-step1"",""20240730-932739-11111111g-step2"",""20240730-930089-11111111g-step3"",""20240730-522039-11111111g-step4"",""20240730-424160-11111111g-step5"",""20240730-611069-11111111g-step6"",""20240730-944562-11111111g-step7""]",11111111g,SO4013,[4.5]
,66a9e22e8e07e237c81318d3,HTI,2024-07-31T07:07:10.621Z,,BA(Hons)ASS (SW/SPSE),"[{""timestamp"":1722409547358,""datestring"":""31/7/2024 下午3:05:47""},{""timestamp"":1722409560123,""datestring"":""31/7/2024 下午3:06:00""},{""timestamp"":1722409572898,""datestring"":""31/7/2024 下午3:06:12""},{""timestamp"":1722409585450,""datestring"":""31/7/2024 下午3:06:25""},{""timestamp"":1722409604171,""datestring"":""31/7/2024 下午3:06:44""},{""timestamp"":1722409617339,""datestring"":""31/7/2024 下午3:06:57""},{""timestamp"":1722409630532,""datestring"":""31/7/2024 下午3:07:10""}]",,1722409518596,"[{""Step"":""PERFECT""},{""Step"":""PERFECT""},{""Step"":""FAIL""},{""Step"":""FAIL""},{""Step"":""PERFECT""},{""Step"":""PERFECT""},{""Step"":""FAIL""}]","[""20240731-393386-11111111g-step1"",""20240731-111314-11111111g-step2"",""20240731-709218-11111111g-step3"",""20240731-655845-11111111g-step4"",""20240731-639046-11111111g-step5"",""20240731-844232-11111111g-step6"",""20240731-853551-11111111g-step7""]",11111111g,ABCT1103,[4]
,66a9e2c18e07e237c81318d4,SO,2024-07-31T07:09:27.220Z,,BA(Hons)SW,"[{""timestamp"":1722409687502,""datestring"":""31/7/2024 下午3:08:07""},{""timestamp"":1722409699973,""datestring"":""31/7/2024 下午3:08:19""},{""timestamp"":1722409713424,""datestring"":""31/7/2024 下午3:08:33""},{""timestamp"":1722409726322,""datestring"":""31/7/2024 下午3:08:46""},{""timestamp"":1722409738991,""datestring"":""31/7/2024 下午3:08:58""},{""timestamp"":1722409752142,""datestring"":""31/7/2024 下午3:09:12""},{""timestamp"":1722409767130,""datestring"":""31/7/2024 下午3:09:27""}]",,1722409665165,"[{""Step"":""PERFECT""},{""Step"":""PERFECT""},{""Step"":""FAIL""},{""Step"":""PERFECT""},{""Step"":""FAIL""},{""Step"":""PERFECT""},{""Step"":""FAIL""}]","[""20240731-245774-11111111g-step1"",""20240731-102973-11111111g-step2"",""20240731-381863-11111111g-step3"",""20240731-428601-11111111g-step4"",""20240731-157406-11111111g-step5"",""20240731-720658-11111111g-step6"",""20240731-354108-11111111g-step7""]",11111111g,ABCT1103,[4]
,66a9e53d8e07e237c81318d5,ABCT,2024-07-31T07:22:14.420Z,,BA(Hons)SW,"[{""timestamp"":1722410341256,""datestring"":""31/7/2024 下午3:19:01""},{""timestamp"":1722410353963,""datestring"":""31/7/2024 下午3:19:13""},{""timestamp"":1722410366695,""datestring"":""31/7/2024 下午3:19:26""},{""timestamp"":1722410379864,""datestring"":""31/7/2024 下午3:19:39""},{""timestamp"":1722410395419,""datestring"":""31/7/2024 下午3:19:55""},{""timestamp"":1722410409178,""datestring"":""31/7/2024 下午3:20:09""},{""timestamp"":1722410422763,""datestring"":""31/7/2024 下午3:20:22""},{""timestamp"":1722410454813,""datestring"":""31/7/2024 下午3:20:54""},{""timestamp"":1722410468134,""datestring"":""31/7/2024 下午3:21:08""},{""timestamp"":1722410481483,""datestring"":""31/7/2024 下午3:21:21""},{""timestamp"":1722410494361,""datestring"":""31/7/2024 下午3:21:34""},{""timestamp"":1722410507635,""datestring"":""31/7/2024 下午3:21:47""},{""timestamp"":1722410520706,""datestring"":""31/7/2024 下午3:22:00""},{""timestamp"":1722410534330,""datestring"":""31/7/2024 下午3:22:14""}]",,1722410301982,"[{""Step"":""PERFECT""},{""Step"":""PERFECT""},{""Step"":""FAIL""},{""Step"":""PERFECT""},{""Step"":""FAIL""},{""Step"":""PERFECT""},{""Step"":""GOOD""},{""Step"":""PERFECT""},{""Step"":""PERFECT""},{""Step"":""FAIL""},{""Step"":""PERFECT""},{""Step"":""PERFECT""},{""Step"":""PERFECT""},{""Step"":""FAIL""}]","[""20240731-169153-11111111g-step1"",""20240731-824766-11111111g-step2"",""20240731-567190-11111111g-step3"",""20240731-469000-11111111g-step4"",""20240731-172206-11111111g-step5"",""20240731-763026-11111111g-step6"",""20240731-407856-11111111g-step7"",""20240731-482836-11111111g-step1"",""20240731-277739-11111111g-step2"",""20240731-286481-11111111g-step3"",""20240731-106812-11111111g-step4"",""20240731-873762-11111111g-step5"",""20240731-317015-11111111g-step6"",""20240731-643684-11111111g-step7""]",11111111g,ABCT1103,"[4.5,5]"
,66a9e63e8e07e237c81318d6,Others,2024-07-31T07:24:35.372Z,,BA(Hons)AASSM,"[{""timestamp"":1722410583491,""datestring"":""31/7/2024 下午3:23:03""},{""timestamp"":1722410596566,""datestring"":""31/7/2024 下午3:23:16""},{""timestamp"":1722410609975,""datestring"":""31/7/2024 下午3:23:29""},{""timestamp"":1722410626755,""datestring"":""31/7/2024 下午3:23:46""},{""timestamp"":1722410642365,""datestring"":""31/7/2024 下午3:24:02""},{""timestamp"":1722410658552,""datestring"":""31/7/2024 下午3:24:18""},{""timestamp"":1722410675282,""datestring"":""31/7/2024 下午3:24:35""}]",,1722410558168,"[{""Step"":""PERFECT""},{""Step"":""PERFECT""},{""Step"":""PERFECT""},{""Step"":""PERFECT""},{""Step"":""PERFECT""},{""Step"":""PERFECT""},{""Step"":""FAIL""}]","[""20240731-945240-11111111g-step1"",""20240731-570423-11111111g-step2"",""20240731-851412-11111111g-step3"",""20240731-317621-11111111g-step4"",""20240731-570141-11111111g-step5"",""20240731-489977-11111111g-step6"",""20240731-132792-11111111g-step7""]",11111111g,ABCT1103,[6]
,66a9e6fa8e07e237c81318d7,Others,2024-07-31T07:27:53.454Z,,BA(Hons)SW,"[{""timestamp"":1722410775490,""datestring"":""31/7/2024 下午3:26:15""},{""timestamp"":1722410791818,""datestring"":""31/7/2024 下午3:26:31""},{""timestamp"":1722410806986,""datestring"":""31/7/2024 下午3:26:46""},{""timestamp"":1722410820364,""datestring"":""31/7/2024 下午3:27:00""},{""timestamp"":1722410846401,""datestring"":""31/7/2024 下午3:27:26""},{""timestamp"":1722410859880,""datestring"":""31/7/2024 下午3:27:39""},{""timestamp"":1722410873358,""datestring"":""31/7/2024 下午3:27:53""}]",,1722410746087,"[{""Step"":""PERFECT""},{""Step"":""PERFECT""},{""Step"":""FAIL""},{""Step"":""GOOD""},{""Step"":""PERFECT""},{""Step"":""PERFECT""},{""Step"":""FAIL""}]","[""20240731-533442-11111111g-step1"",""20240731-126252-11111111g-step2"",""20240731-295582-11111111g-step3"",""20240731-954838-11111111g-step4"",""20240731-746066-11111111g-step5"",""20240731-203027-11111111g-step6"",""20240731-152753-11111111g-step7""]",11111111g,ABCT1103,[4.5]
,66a9e7978e07e237c81318d8,ABCT,2024-07-31T07:32:06.917Z,,BA(Hons)SW,"[{""timestamp"":1722410929595,""datestring"":""31/7/2024 下午3:28:49""},{""timestamp"":1722410942945,""datestring"":""31/7/2024 下午3:29:02""},{""timestamp"":1722410955774,""datestring"":""31/7/2024 下午3:29:15""},{""timestamp"":1722410968964,""datestring"":""31/7/2024 下午3:29:28""},{""timestamp"":1722410981972,""datestring"":""31/7/2024 下午3:29:41""},{""timestamp"":1722410994814,""datestring"":""31/7/2024 下午3:29:54""},{""timestamp"":1722411008388,""datestring"":""31/7/2024 下午3:30:08""},{""timestamp"":1722411046471,""datestring"":""31/7/2024 下午3:30:46""},{""timestamp"":1722411059548,""datestring"":""31/7/2024 下午3:30:59""},{""timestamp"":1722411072810,""datestring"":""31/7/2024 下午3:31:12""},{""timestamp"":1722411086066,""datestring"":""31/7/2024 下午3:31:26""},{""timestamp"":1722411099106,""datestring"":""31/7/2024 下午3:31:39""},{""timestamp"":1722411112546,""datestring"":""31/7/2024 下午3:31:52""},{""timestamp"":1722411126819,""datestring"":""31/7/2024 下午3:32:06""}]",,1722410903564,"[{""Step"":""PERFECT""},{""Step"":""GOOD""},{""Step"":""FAIL""},{""Step"":""FAIL""},{""Step"":""FAIL""},{""Step"":""FAIL""},{""Step"":""FAIL""},{""Step"":""PERFECT""},{""Step"":""PERFECT""},{""Step"":""FAIL""},{""Step"":""PERFECT""},{""Step"":""FAIL""},{""Step"":""PERFECT""},{""Step"":""FAIL""}]","[""20240731-717122-11111111g-step1"",""20240731-113741-11111111g-step2"",""20240731-254344-11111111g-step3"",""20240731-163737-11111111g-step4"",""20240731-691190-11111111g-step5"",""20240731-593621-11111111g-step6"",""20240731-458087-11111111g-step7"",""20240731-118284-11111111g-step1"",""20240731-400053-11111111g-step2"",""20240731-786964-11111111g-step3"",""20240731-631157-11111111g-step4"",""20240731-708099-11111111g-step5"",""20240731-247454-11111111g-step6"",""20240731-291045-11111111g-step7""]",11111111g,SO4013,"[1.5,4]"
,66a9e88b8e07e237c81318d9,Others,2024-07-31T07:33:43.841Z,,BA(Hons)SW,"[{""timestamp"":1722411180150,""datestring"":""31/7/2024 下午3:33:00""},{""timestamp"":1722411194007,""datestring"":""31/7/2024 下午3:33:14""},{""timestamp"":1722411207745,""datestring"":""31/7/2024 下午3:33:27""},{""timestamp"":1722411223751,""datestring"":""31/7/2024 下午3:33:43""}]",,1722411147705,"[{""Step"":""PERFECT""},{""Step"":""PERFECT""},{""Step"":""GOOD""},{""Step"":""FAIL""}]","[""20240731-121547-11111111g-step1"",""20240731-685352-11111111g-step2"",""20240731-186896-11111111g-step3"",""20240731-801665-11111111g-step4""]",11111111g,ABCT1103,[]
,66a9e8e78e07e237c81318db,ABCT,2024-07-31T07:36:55.713Z,,BA(Hons)AASSM,"[{""timestamp"":1722411264799,""datestring"":""31/7/2024 下午3:34:24""},{""timestamp"":1722411278315,""datestring"":""31/7/2024 下午3:34:38""},{""timestamp"":1722411291815,""datestring"":""31/7/2024 下午3:34:51""},{""timestamp"":1722411313923,""datestring"":""31/7/2024 下午3:35:13""},{""timestamp"":1722411327587,""datestring"":""31/7/2024 下午3:35:27""},{""timestamp"":1722411341191,""datestring"":""31/7/2024 下午3:35:41""},{""timestamp"":1722411355012,""datestring"":""31/7/2024 下午3:35:55""},{""timestamp"":1722411400952,""datestring"":""31/7/2024 下午3:36:40""},{""timestamp"":1722411415624,""datestring"":""31/7/2024 下午3:36:55""}]",,1722411239132,"[{""Step"":""PERFECT""},{""Step"":""FAIL""},{""Step"":""PERFECT""},{""Step"":""PERFECT""},{""Step"":""FAIL""},{""Step"":""FAIL""},{""Step"":""FAIL""},{""Step"":""PERFECT""},{""Step"":""PERFECT""}]","[""20240731-467351-11111111g-step1"",""20240731-793566-11111111g-step2"",""20240731-810923-11111111g-step3"",""20240731-826881-11111111g-step4"",""20240731-223640-11111111g-step5"",""20240731-717250-11111111g-step6"",""20240731-592260-11111111g-step7"",""20240731-559724-11111111g-step1"",""20240731-726875-11111111g-step2""]",11111111g,52355-SY,[3]
,66a9e9c38e07e237c81318dc,ABCT,,,BA(Hons)SW,,,1722411459782,,,11111111g,SO4013,
,66a9ea278e07e237c81318dd,HTI,,,BA(Hons)SW,,,1722411559254,,,11111111g,ABCT1103,
,66a9ea498e07e237c81318de,HTI,2024-07-31T07:46:26.689Z,,BA(Hons)AASSM,"[{""timestamp"":1722411619137,""datestring"":""31/7/2024 下午3:40:19""},{""timestamp"":1722411639885,""datestring"":""31/7/2024 下午3:40:39""},{""timestamp"":1722411652656,""datestring"":""31/7/2024 下午3:40:52""},{""timestamp"":1722411670133,""datestring"":""31/7/2024 下午3:41:10""},{""timestamp"":1722411685714,""datestring"":""31/7/2024 下午3:41:25""},{""timestamp"":1722411698975,""datestring"":""31/7/2024 下午3:41:38""},{""timestamp"":1722411714487,""datestring"":""31/7/2024 下午3:41:54""},{""timestamp"":1722411785429,""datestring"":""31/7/2024 下午3:43:05""},{""timestamp"":1722411798830,""datestring"":""31/7/2024 下午3:43:18""},{""timestamp"":1722411812087,""datestring"":""31/7/2024 下午3:43:32""},{""timestamp"":1722411825156,""datestring"":""31/7/2024 下午3:43:45""},{""timestamp"":1722411838381,""datestring"":""31/7/2024 下午3:43:58""},{""timestamp"":1722411851598,""datestring"":""31/7/2024 下午3:44:11""},{""timestamp"":1722411865118,""datestring"":""31/7/2024 下午3:44:25""},{""timestamp"":1722411905026,""datestring"":""31/7/2024 下午3:45:05""},{""timestamp"":1722411917615,""datestring"":""31/7/2024 下午3:45:17""},{""timestamp"":1722411931881,""datestring"":""31/7/2024 下午3:45:31""},{""timestamp"":1722411945195,""datestring"":""31/7/2024 下午3:45:45""},{""timestamp"":1722411959982,""datestring"":""31/7/2024 下午3:45:59""},{""timestamp"":1722411973039,""datestring"":""31/7/2024 下午3:46:13""},{""timestamp"":1722411986600,""datestring"":""31/7/2024 下午3:46:26""}]",,1722411593846,"[{""Step"":""PERFECT""},{""Step"":""PERFECT""},{""Step"":""FAIL""},{""Step"":""PERFECT""},{""Step"":""FAIL""},{""Step"":""FAIL""},{""Step"":""FAIL""},{""Step"":""PERFECT""},{""Step"":""PERFECT""},{""Step"":""FAIL""},{""Step"":""PERFECT""},{""Step"":""PERFECT""},{""Step"":""PERFECT""},{""Step"":""PERFECT""},{""Step"":""FAIL""},{""Step"":""PERFECT""},{""Step"":""FAIL""},{""Step"":""FAIL""},{""Step"":""PERFECT""},{""Step"":""GOOD""},{""Step"":""FAIL""}]","[""20240731-768448-11111111g-step1"",""20240731-491880-11111111g-step2"",""20240731-482095-11111111g-step3"",""20240731-918805-11111111g-step4"",""20240731-930093-11111111g-step5"",""20240731-601627-11111111g-step6"",""20240731-937617-11111111g-step7"",""20240731-649788-11111111g-step1"",""20240731-373805-11111111g-step2"",""20240731-831151-11111111g-step3"",""20240731-984592-11111111g-step4"",""20240731-864263-11111111g-step5"",""20240731-712642-11111111g-step6"",""20240731-768819-11111111g-step7"",""20240731-944013-11111111g-step1"",""20240731-783110-11111111g-step2"",""20240731-676144-11111111g-step3"",""20240731-268536-11111111g-step4"",""20240731-356770-11111111g-step5"",""20240731-772264-11111111g-step6"",""20240731-688392-11111111g-step7""]",11111111g,ABCT1103,"[3,6,2.5]"
,66a9ebed8e07e237c81318df,ABCT,2024-07-31T07:50:36.803Z,,BA(Hons)SW,"[{""timestamp"":1722412037938,""datestring"":""31/7/2024 下午3:47:17""},{""timestamp"":1722412051074,""datestring"":""31/7/2024 下午3:47:31""},{""timestamp"":1722412064648,""datestring"":""31/7/2024 下午3:47:44""},{""timestamp"":1722412077891,""datestring"":""31/7/2024 下午3:47:57""},{""timestamp"":1722412092986,""datestring"":""31/7/2024 下午3:48:12""},{""timestamp"":1722412106773,""datestring"":""31/7/2024 下午3:48:26""},{""timestamp"":1722412120356,""datestring"":""31/7/2024 下午3:48:40""},{""timestamp"":1722412152058,""datestring"":""31/7/2024 下午3:49:12""},{""timestamp"":1722412165210,""datestring"":""31/7/2024 下午3:49:25""},{""timestamp"":1722412179424,""datestring"":""31/7/2024 下午3:49:39""},{""timestamp"":1722412193471,""datestring"":""31/7/2024 下午3:49:53""},{""timestamp"":1722412207271,""datestring"":""31/7/2024 下午3:50:07""},{""timestamp"":1722412220416,""datestring"":""31/7/2024 下午3:50:20""},{""timestamp"":1722412236714,""datestring"":""31/7/2024 下午3:50:36""}]",,1722412013996,"[{""Step"":""PERFECT""},{""Step"":""PERFECT""},{""Step"":""FAIL""},{""Step"":""FAIL""},{""Step"":""FAIL""},{""Step"":""PERFECT""},{""Step"":""FAIL""},{""Step"":""PERFECT""},{""Step"":""PERFECT""},{""Step"":""PERFECT""},{""Step"":""FAIL""},{""Step"":""PERFECT""},{""Step"":""PERFECT""},{""Step"":""GOOD""}]","[""20240731-818282-11111111g-step1"",""20240731-368726-11111111g-step2"",""20240731-803335-11111111g-step3"",""20240731-819321-11111111g-step4"",""20240731-492127-11111111g-step5"",""20240731-966785-11111111g-step6"",""20240731-217300-11111111g-step7"",""20240731-345509-11111111g-step1"",""20240731-975475-11111111g-step2"",""20240731-836147-11111111g-step3"",""20240731-550414-11111111g-step4"",""20240731-194726-11111111g-step5"",""20240731-480727-11111111g-step6"",""20240731-611828-11111111g-step7""]",11111111g,ABCT1103,"[3,5.5]"
,66a9eefa8e07e237c81318e0,ABCT,2024-07-31T08:01:37.682Z,,BA(Hons)AASSM,"[{""timestamp"":1722412818623,""datestring"":""31/7/2024 下午4:00:18""},{""timestamp"":1722412832992,""datestring"":""31/7/2024 下午4:00:32""},{""timestamp"":1722412845500,""datestring"":""31/7/2024 下午4:00:45""},{""timestamp"":1722412858727,""datestring"":""31/7/2024 下午4:00:58""},{""timestamp"":1722412871363,""datestring"":""31/7/2024 下午4:01:11""},{""timestamp"":1722412884528,""datestring"":""31/7/2024 下午4:01:24""},{""timestamp"":1722412897593,""datestring"":""31/7/2024 下午4:01:37""}]",,1722412794603,"[{""Step"":""PERFECT""},{""Step"":""FAIL""},{""Step"":""FAIL""},{""Step"":""FAIL""},{""Step"":""FAIL""},{""Step"":""PERFECT""},{""Step"":""FAIL""}]","[""20240731-162448-11111111g-step1"",""20240731-435809-11111111g-step2"",""20240731-963171-11111111g-step3"",""20240731-870899-11111111g-step4"",""20240731-320058-11111111g-step5"",""20240731-304273-11111111g-step6"",""20240731-542636-11111111g-step7""]",11111111g,ABCT1103,[2]
,66bda29fd12e86b7b335c6dd,HTI,,,BA(Hons)SW,,,1723703965587,,,11111111g,ABCT1103,
,66bda312d12e86b7b335c6de,ABCT,2024-08-15T06:43:08.530Z,,BA(Hons)SW,"[{""timestamp"":1723704110220,""datestring"":""15/8/2024 下午2:41:50""},{""timestamp"":1723704121859,""datestring"":""15/8/2024 下午2:42:01""},{""timestamp"":1723704133518,""datestring"":""15/8/2024 下午2:42:13""},{""timestamp"":1723704151767,""datestring"":""15/8/2024 下午2:42:31""},{""timestamp"":1723704164692,""datestring"":""15/8/2024 下午2:42:44""},{""timestamp"":1723704177285,""datestring"":""15/8/2024 下午2:42:57""},{""timestamp"":1723704188448,""datestring"":""15/8/2024 下午2:43:08""}]",,1723704082922,"[{""Step"":""FAIL""},{""Step"":""FAIL""},{""Step"":""FAIL""},{""Step"":""FAIL""},{""Step"":""FAIL""},{""Step"":""FAIL""},{""Step"":""FAIL""}]","[""20240815-104673-11111111g-step1"",""20240815-723033-11111111g-step2"",""20240815-978561-11111111g-step3"",""20240815-783581-11111111g-step4"",""20240815-691627-11111111g-step5"",""20240815-650029-11111111g-step6"",""20240815-894838-11111111g-step7""]",11111111g,52355-SY,[0]
,66cd8aadd12e86b7b335c6df,SO,,,BA(Hons)SW,,,1724746413537,,,11111111g,ABCT1103,
,66cd8aebd12e86b7b335c6e0,HTI,2024-08-27T08:16:17.982Z,,BA(Hons)SW,"[{""timestamp"":1724746510790,""datestring"":""27/8/2024 下午4:15:10""},{""timestamp"":1724746522018,""datestring"":""27/8/2024 下午4:15:22""},{""timestamp"":1724746533049,""datestring"":""27/8/2024 下午4:15:33""},{""timestamp"":1724746544402,""datestring"":""27/8/2024 下午4:15:44""},{""timestamp"":1724746555490,""datestring"":""27/8/2024 下午4:15:55""},{""timestamp"":1724746566511,""datestring"":""27/8/2024 下午4:16:06""},{""timestamp"":1724746577900,""datestring"":""27/8/2024 下午4:16:17""}]",,1724746475494,"[{""Step"":""PERFECT""},{""Step"":""PERFECT""},{""Step"":""GOOD""},{""Step"":""PERFECT""},{""Step"":""FAIL""},{""Step"":""PERFECT""},{""Step"":""FAIL""}]","[""20240827-840500-11111111g-step1"",""20240827-967018-11111111g-step2"",""20240827-266441-11111111g-step3"",""20240827-587617-11111111g-step4"",""20240827-166400-11111111g-step5"",""20240827-288041-11111111g-step6"",""20240827-715425-11111111g-step7""]",11111111g,ABCT1103,[4.5]
,66cd8b7bd12e86b7b335c6e1,ABCT,2024-08-27T08:18:26.704Z,,BA(Hons)SW,"[{""timestamp"":1724746639604,""datestring"":""27/8/2024 下午4:17:19""},{""timestamp"":1724746650445,""datestring"":""27/8/2024 下午4:17:30""},{""timestamp"":1724746661703,""datestring"":""27/8/2024 下午4:17:41""},{""timestamp"":1724746672848,""datestring"":""27/8/2024 下午4:17:52""},{""timestamp"":1724746684174,""datestring"":""27/8/2024 下午4:18:04""},{""timestamp"":1724746695314,""datestring"":""27/8/2024 下午4:18:15""},{""timestamp"":1724746706623,""datestring"":""27/8/2024 下午4:18:26""}]",,1724746619236,"[{""Step"":""PERFECT""},{""Step"":""PERFECT""},{""Step"":""FAIL""},{""Step"":""GOOD""},{""Step"":""FAIL""},{""Step"":""PERFECT""},{""Step"":""PERFECT""}]","[""20240827-770594-11111111g-step1"",""20240827-452042-11111111g-step2"",""20240827-501922-11111111g-step3"",""20240827-756574-11111111g-step4"",""20240827-436823-11111111g-step5"",""20240827-262310-11111111g-step6"",""20240827-461755-11111111g-step7""]",11111111g,ABCT1103,[4.5]
,66cd8be9d12e86b7b335c6e2,SO,2024-08-27T08:20:20.483Z,,BA(Hons)SW,"[{""timestamp"":1724746752866,""datestring"":""27/8/2024 下午4:19:12""},{""timestamp"":1724746764149,""datestring"":""27/8/2024 下午4:19:24""},{""timestamp"":1724746775380,""datestring"":""27/8/2024 下午4:19:35""},{""timestamp"":1724746786538,""datestring"":""27/8/2024 下午4:19:46""},{""timestamp"":1724746797857,""datestring"":""27/8/2024 下午4:19:57""},{""timestamp"":1724746809082,""datestring"":""27/8/2024 下午4:20:09""},{""timestamp"":1724746820402,""datestring"":""27/8/2024 下午4:20:20""}]",,1724746729627,"[{""Step"":""PERFECT""},{""Step"":""PERFECT""},{""Step"":""FAIL""},{""Step"":""PERFECT""},{""Step"":""FAIL""},{""Step"":""PERFECT""},{""Step"":""PERFECT""}]","[""20240827-608848-11111111g-step1"",""20240827-413325-11111111g-step2"",""20240827-464856-11111111g-step3"",""20240827-644502-11111111g-step4"",""20240827-253753-11111111g-step5"",""20240827-680497-11111111g-step6"",""20240827-593831-11111111g-step7""]",11111111g,ABCT1103,[5]
,66cd8c5ad12e86b7b335c6e3,HTI,2024-08-27T08:22:16.719Z,,BA(Hons)SW,"[{""timestamp"":1724746869305,""datestring"":""27/8/2024 下午4:21:09""},{""timestamp"":1724746880440,""datestring"":""27/8/2024 下午4:21:20""},{""timestamp"":1724746891708,""datestring"":""27/8/2024 下午4:21:31""},{""timestamp"":1724746902954,""datestring"":""27/8/2024 下午4:21:42""},{""timestamp"":1724746914171,""datestring"":""27/8/2024 下午4:21:54""},{""timestamp"":1724746925133,""datestring"":""27/8/2024 下午4:22:05""},{""timestamp"":1724746936637,""datestring"":""27/8/2024 下午4:22:16""}]",,1724746842373,"[{""Step"":""PERFECT""},{""Step"":""FAIL""},{""Step"":""FAIL""},{""Step"":""PERFECT""},{""Step"":""FAIL""},{""Step"":""GOOD""},{""Step"":""FAIL""}]","[""20240827-354497-11111111g-step1"",""20240827-223557-11111111g-step2"",""20240827-957418-11111111g-step3"",""20240827-147020-11111111g-step4"",""20240827-261174-11111111g-step5"",""20240827-589822-11111111g-step6"",""20240827-589016-11111111g-step7""]",11111111g,52355-SY,[2.5]
,66cd8cd9d12e86b7b335c6e4,HTI,2024-08-27T08:28:31.276Z,,BA(Hons)SW,"[{""timestamp"":1724746996849,""datestring"":""27/8/2024 下午4:23:16""},{""timestamp"":1724747009367,""datestring"":""27/8/2024 下午4:23:29""},{""timestamp"":1724747022349,""datestring"":""27/8/2024 下午4:23:42""},{""timestamp"":1724747035277,""datestring"":""27/8/2024 下午4:23:55""},{""timestamp"":1724747047700,""datestring"":""27/8/2024 下午4:24:07""},{""timestamp"":1724747060864,""datestring"":""27/8/2024 下午4:24:20""},{""timestamp"":1724747073901,""datestring"":""27/8/2024 下午4:24:33""},{""timestamp"":1724747115347,""datestring"":""27/8/2024 下午4:25:15""},{""timestamp"":1724747127840,""datestring"":""27/8/2024 下午4:25:27""},{""timestamp"":1724747140044,""datestring"":""27/8/2024 下午4:25:40""},{""timestamp"":1724747153247,""datestring"":""27/8/2024 下午4:25:53""},{""timestamp"":1724747166987,""datestring"":""27/8/2024 下午4:26:06""},{""timestamp"":1724747179686,""datestring"":""27/8/2024 下午4:26:19""},{""timestamp"":1724747192877,""datestring"":""27/8/2024 下午4:26:32""},{""timestamp"":1724747233417,""datestring"":""27/8/2024 下午4:27:13""},{""timestamp"":1724747246167,""datestring"":""27/8/2024 下午4:27:26""},{""timestamp"":1724747259158,""datestring"":""27/8/2024 下午4:27:39""},{""timestamp"":1724747272168,""datestring"":""27/8/2024 下午4:27:52""},{""timestamp"":1724747285084,""datestring"":""27/8/2024 下午4:28:05""},{""timestamp"":1724747297961,""datestring"":""27/8/2024 下午4:28:17""},{""timestamp"":1724747311187,""datestring"":""27/8/2024 下午4:28:31""}]",,1724746969675,"[{""Step"":""PERFECT""},{""Step"":""PERFECT""},{""Step"":""FAIL""},{""Step"":""PERFECT""},{""Step"":""FAIL""},{""Step"":""PERFECT""},{""Step"":""FAIL""},{""Step"":""PERFECT""},{""Step"":""GOOD""},{""Step"":""FAIL""},{""Step"":""PERFECT""},{""Step"":""FAIL""},{""Step"":""PERFECT""},{""Step"":""FAIL""},{""Step"":""PERFECT""},{""Step"":""PERFECT""},{""Step"":""FAIL""},{""Step"":""PERFECT""},{""Step"":""PERFECT""},{""Step"":""PERFECT""},{""Step"":""PERFECT""}]","[""20240827-359347-11111111g-step1"",""20240827-939709-11111111g-step2"",""20240827-446185-11111111g-step3"",""20240827-527865-11111111g-step4"",""20240827-643329-11111111g-step5"",""20240827-225235-11111111g-step6"",""20240827-158370-11111111g-step7"",""20240827-387986-11111111g-step1"",""20240827-773069-11111111g-step2"",""20240827-960268-11111111g-step3"",""20240827-925341-11111111g-step4"",""20240827-516682-11111111g-step5"",""20240827-623997-11111111g-step6"",""20240827-456760-11111111g-step7"",""20240827-789558-11111111g-step1"",""20240827-803261-11111111g-step2"",""20240827-146996-11111111g-step3"",""20240827-921794-11111111g-step4"",""20240827-558803-11111111g-step5"",""20240827-328627-11111111g-step6"",""20240827-972003-11111111g-step7""]",11111111g,52355-SY,"[4,3.5,6]"
,66d02243d12e86b7b335c6e5,HTI,2024-08-29T07:31:54.415Z,,BA(Hons)SW,"[{""timestamp"":1724916326228,""datestring"":""29/8/2024 下午3:25:26""},{""timestamp"":1724916342429,""datestring"":""29/8/2024 下午3:25:42""},{""timestamp"":1724916360420,""datestring"":""29/8/2024 下午3:26:00""},{""timestamp"":1724916383986,""datestring"":""29/8/2024 下午3:26:23""},{""timestamp"":1724916397207,""datestring"":""29/8/2024 下午3:26:37""},{""timestamp"":1724916410219,""datestring"":""29/8/2024 下午3:26:50""},{""timestamp"":1724916423438,""datestring"":""29/8/2024 下午3:27:03""},{""timestamp"":1724916565380,""datestring"":""29/8/2024 下午3:29:25""},{""timestamp"":1724916623215,""datestring"":""29/8/2024 下午3:30:23""},{""timestamp"":1724916640972,""datestring"":""29/8/2024 下午3:30:40""},{""timestamp"":1724916659506,""datestring"":""29/8/2024 下午3:30:59""},{""timestamp"":1724916683196,""datestring"":""29/8/2024 下午3:31:23""},{""timestamp"":1724916700711,""datestring"":""29/8/2024 下午3:31:40""},{""timestamp"":1724916714333,""datestring"":""29/8/2024 下午3:31:54""}]",,1724916291862,"[{""Step"":""GOOD""},{""Step"":""PERFECT""},{""Step"":""FAIL""},{""Step"":""PERFECT""},{""Step"":""PERFECT""},{""Step"":""PERFECT""},{""Step"":""PERFECT""},{""Step"":""PERFECT""},{""Step"":""PERFECT""},{""Step"":""FAIL""},{""Step"":""FAIL""},{""Step"":""FAIL""},{""Step"":""PERFECT""},{""Step"":""FAIL""}]","[""20240829-591609-11111111g-step1"",""20240829-196427-11111111g-step2"",""20240829-348500-11111111g-step3"",""20240829-976001-11111111g-step4"",""20240829-446786-11111111g-step5"",""20240829-824457-11111111g-step6"",""20240829-228501-11111111g-step7"",""20240829-913861-11111111g-step1"",""20240829-156682-11111111g-step2"",""20240829-926640-11111111g-step3"",""20240829-372560-11111111g-step4"",""20240829-660437-11111111g-step5"",""20240829-323079-11111111g-step6"",""20240829-455907-11111111g-step7""]",11111111g,ABCT1103,"[5.5,3]"
,66d03871d12e86b7b335c6e6,HTI,2024-08-29T09:01:14.386Z,,BA(Hons)SW,"[{""timestamp"":1724921994009,""datestring"":""29/8/2024 下午4:59:54""},{""timestamp"":1724922007116,""datestring"":""29/8/2024 下午5:00:07""},{""timestamp"":1724922020747,""datestring"":""29/8/2024 下午5:00:20""},{""timestamp"":1724922034046,""datestring"":""29/8/2024 下午5:00:34""},{""timestamp"":1724922047074,""datestring"":""29/8/2024 下午5:00:47""},{""timestamp"":1724922060610,""datestring"":""29/8/2024 下午5:01:00""},{""timestamp"":1724922074305,""datestring"":""29/8/2024 下午5:01:14""}]",,1724921969295,"[{""Step"":""FAIL""},{""Step"":""PERFECT""},{""Step"":""PERFECT""},{""Step"":""FAIL""},{""Step"":""PERFECT""},{""Step"":""PERFECT""},{""Step"":""PERFECT""}]","[""20240829-110334-11111111g-step1"",""20240829-591397-11111111g-step2"",""20240829-159234-11111111g-step3"",""20240829-864698-11111111g-step4"",""20240829-764797-11111111g-step5"",""20240829-442802-11111111g-step6"",""20240829-803437-11111111g-step7""]",11111111g,ABCT1103,[5]
,66d03fb5d12e86b7b335c6e7,SO,,,BA(Hons)SW,,,1724923829069,,,11111111g,ABCT1103,
,66dff094d12e86b7b335c6e8,HTI,,,BA(Hons)AASSM,,,1725952148178,,,11111111g,JS3337,
,66dff0b2d12e86b7b335c6e9,SO,,,BA(Hons)SW,,,1725952178605,,,11111111g,52355-SY,
,66dff0e7d12e86b7b335c6ea,SN,2024-09-10T07:12:08.524Z,,BA(Hons)ASS (SW/SPSE),"[{""timestamp"":1725952258724,""datestring"":""10/9/2024 下午3:10:58""},{""timestamp"":1725952271239,""datestring"":""10/9/2024 下午3:11:11""},{""timestamp"":1725952283378,""datestring"":""10/9/2024 下午3:11:23""},{""timestamp"":1725952294341,""datestring"":""10/9/2024 下午3:11:34""},{""timestamp"":1725952305488,""datestring"":""10/9/2024 下午3:11:45""},{""timestamp"":1725952316624,""datestring"":""10/9/2024 下午3:11:56""},{""timestamp"":1725952328443,""datestring"":""10/9/2024 下午3:12:08""}]",,1725952231781,"[{""Step"":""FAIL""},{""Step"":""FAIL""},{""Step"":""FAIL""},{""Step"":""FAIL""},{""Step"":""FAIL""},{""Step"":""PERFECT""},{""Step"":""FAIL""}]","[""20240910-748816-11111111g-step1"",""20240910-311094-11111111g-step2"",""20240910-180820-11111111g-step3"",""20240910-928922-11111111g-step4"",""20240910-803340-11111111g-step5"",""20240910-554434-11111111g-step6"",""20240910-613397-11111111g-step7""]",11111111g,52355-SY,[1]
,66dff26ed12e86b7b335c6eb,HTI,,,BA(Hons)AASSM,,,1725952622857,,,11111111g,52355-SY,